temperature,humidity,hive_weight,acoustic_level,stress_risk
34.55770719383153,55.375161328340006,36.925205228583835,64.46421476297645,0
34.94588485665605,65.15049231134367,41.24525697393392,61.73877665258832,0
33.68768727874108,55.44695829157106,36.53046582362522,70.10710576206725,0
32.10614387873545,57.982564760299724,39.549191064456664,70.89882961206433,0
32.881762488162785,63.838985258138635,40.666013196744785,60.12997519356122,0
35.223277007331234,65.4720909248234,37.38175361562594,63.109589996235634,0
35.82885228882712,60.0489181766894,35.64922090366103,61.93432753666928,0
35.38997746538984,64.05589047050337,40.649897912920665,74.59463573387636,0
34.144912365818804,69.59673645969056,37.649740640458475,71.04081262546454,0
35.31761865701198,64.2777962854637,41.031948302175444,71.54704290513524,0
34.81828734485969,55.687365754834936,36.595287929560826,65.78775927204214,0
32.319167907694506,58.491863295415456,35.707010005868106,65.55947206220185,0
34.5427377770576,60.47248268455127,37.591266769818176,64.19014061542975,0
33.067911288196456,69.04981881568742,39.53624769672616,72.18262011333977,0
32.68455459279239,65.93690196925525,36.1438174563335,67.58910883515296,0
35.95809340254638,64.5999963978114,38.89864820642252,73.6922850197975,0
35.37140768075924,66.63999867319367,36.60333650374873,60.642004878080755,0
33.26181219223633,59.01611313963554,36.47687990510428,78.85819428670109,0
35.50547050589068,59.72016821197717,39.58807065706416,67.91263802121328,0
35.65819035896217,61.882777788810984,36.85416116548637,64.93255015387967,0
34.245472536652606,58.94112412784403,39.092101931564784,77.95645767204954,0
33.59760202056159,58.28981138735925,41.98276324546577,70.1905258735293,0
32.363637648695175,55.70674563137102,35.76754391245461,72.5489208340618,0
35.168317457451856,61.33239950199526,35.4446939430637,67.63238573013074,0
35.98448552096039,62.936715176487056,41.79754864329533,77.21559404468996,0
32.045924087771276,65.81082729040293,39.77197258318603,70.7394066081759,0
33.06730075981017,64.61442697869713,35.78086521517113,68.6953050133821,0
33.81489482531683,69.3072389128162,41.13097058264736,65.26778101502181,0
34.00234445220119,57.67977820795197,41.388394875413745,77.41037139673534,0
33.19377916579453,64.58424242299007,39.26279148006721,63.0567853709927,0
35.05004320030061,63.090685451794386,40.45038535041391,70.60707344390354,0
32.00228758451178,59.862340855070094,35.13633719670083,78.58197232529234,0
35.514887511292734,67.47498294041769,37.15259887781863,61.15850332988375,0
35.51203839681616,69.20424167946992,35.59957416447515,69.71980926633228,0
32.27685007387353,66.40903247885848,40.36084100514891,62.56782928999526,0
33.901129512394924,63.247053902424156,36.85539640258041,77.44866082170515,0
33.692551760803546,58.17697308163123,38.77507262145621,74.59862138179952,0
32.804604253558786,59.675744369513424,41.966045496626265,72.99756115278907,0
33.75240033565802,62.76363761553386,35.84702937107786,64.49394674063115,0
33.35234224858982,63.8246307768585,36.61080312817604,64.40434768903118,0
32.28397234403613,64.46654435905148,36.60259248667808,78.10840026012255,0
35.43854160101499,56.0628602483298,36.66603244058297,73.37955556592561,0
32.856947229481754,56.984677730875376,41.5485996840647,71.42086186650569,0
33.890684105247175,66.7692913643613,40.6524789843665,63.80819828723755,0
32.387723256915294,61.465767736095664,37.96505036113945,69.3404933607335,0
34.9163033978394,65.10046820939952,41.88915647956176,61.96835742303918,0
33.610485128409074,60.089539080924446,41.03170775446954,64.97312667840572,0
32.76083563376324,61.72920321749698,37.95317147884083,65.57090289333881,0
32.9992257915284,68.8489839891402,38.1019152153742,77.22698209523661,0
34.20130124979939,55.75882494287322,41.99497727888909,76.72055170159904,0
35.875985029139,68.89550474512191,40.94087014090014,63.32622221207828,0
33.94256450180288,58.20620948798773,37.807282047846165,61.17270799944358,0
33.51589247590766,69.7796326566959,36.85642140720506,75.68141203897139,0
33.820033469356574,61.345112289852445,41.70122348601771,79.90845378985428,0
34.22307329362247,65.7761241294449,36.083577776918446,65.93415650989128,0
35.87483745987664,63.68770436224384,38.795366409619916,74.95951120758129,0
32.22866109162993,63.76266391688457,38.519952680436596,77.0543978409657,0
32.62973091175793,69.41168354911676,35.56078025668411,63.71649921961446,0
34.38014042580011,65.12818830406135,36.646427265006515,62.397732278942485,0
35.56114925651775,58.69323021682937,39.16163407473409,72.38763020664206,0
33.67689966134349,63.755084339368366,38.659479008723714,78.69412515472854,0
32.81703679769414,65.74287701184122,36.67080166831092,67.91571693582509,0
34.68676089183988,59.49995619698143,37.21324037390298,75.03728984828804,0
32.29017245797263,61.87428283927879,41.989181085981095,79.9219289571019,0
32.29304288439853,58.197314684005605,36.85640290325281,78.66518755987418,0
35.52345669474576,68.18905363726815,37.58668962117219,63.15493664714464,0
35.334979818559226,65.55309887631057,39.28174436008165,79.74466127263008,0
34.61590527084293,55.11734660728237,40.71972894580823,65.98757504399956,0
34.65355485986431,69.08395005890657,35.94003780075357,62.308573408382045,0
32.42814391083767,63.29835461327224,36.906437486203714,72.09659654060448,0
34.87044874855519,58.053959684911796,39.439665712195556,65.27967803260819,0
33.95412740859751,68.58004736618985,40.92272599306399,61.84596935425467,0
33.694303090254905,59.15020335958378,35.02481982361448,75.42238446039255,0
34.548453509205515,58.92932893651522,40.18861635843552,71.03360842252782,0
33.71074767592272,55.1450454941251,35.52670702051637,77.66212786600286,0
35.61571428623957,63.18385433808284,40.842165139202116,71.65019132979589,0
32.59237514226993,56.91168278923208,37.15780844951094,77.9796297748518,0
35.18448921955217,67.91053873001354,41.29247245568532,64.20153076679509,0
32.998118956891695,56.541904325076786,40.4608136931001,77.68269402902018,0
33.625509559328464,64.3099226522607,36.08187336832543,78.59762031387349,0
35.45842278487986,69.64309049396445,40.67540203958278,77.62832409326649,0
32.099145447592754,66.04846707632623,37.325298275625,78.6163177209665,0
35.208940555748555,67.9609604256292,40.67524521602072,65.33611419188944,0
35.149498036541885,56.62143439604436,41.10516748034263,77.17186502675563,0
32.88973487018266,67.24879908395394,38.222122642752595,66.10381734677202,0
35.18138199661145,58.413932311116554,35.16565104291016,63.86259576655417,0
33.31304780479083,67.9652941304543,41.768223728338526,65.58249985443743,0
34.56592695443051,60.995175765400916,41.86804781038782,70.72431464957444,0
35.75694856129886,56.73012627777141,41.7928042771556,63.57135632344927,0
35.85013726304622,58.98199543784453,35.75881783050298,68.69127517129289,0
34.91418024261082,59.70515971292487,39.243461973143,70.22846119338956,0
33.54078173337891,63.64882065244899,36.78305754297007,74.1757056766834,0
32.00676511287452,68.88362748248625,38.76916397964954,74.3885999828969,0
34.967800311357905,65.05942756649499,37.54955030246885,61.399476222526204,0
34.65695073964509,59.953000540638946,37.197409515408516,76.96030559012671,0
34.8790170520558,59.50483402316896,37.16499263546057,68.16785817238434,0
33.6096015482309,59.434828037889204,35.89101459341407,68.40892667545816,0
35.76145468292073,65.159769179091,41.31963882012808,72.31029831902761,0
33.20379949826226,63.21905819703547,35.002841577881014,65.73827433737854,0
33.719552599959336,63.69977171793523,39.582939365921504,69.29976380494028,0
33.76863919721923,58.205521014836506,38.31230330136528,78.02361651656508,0
35.18409904050712,57.54537094297082,35.59356875707585,70.30904019830433,0
34.53176342306318,60.02782383114702,40.72896425175665,75.02276275081465,0
34.69118268222867,58.36960998995932,36.39390952908604,60.48850775453653,0
32.9793701763134,62.12704516328208,40.94816386237312,61.45656458369138,0
33.65776404399088,64.4464807110657,36.361046657177965,73.9270850098101,0
33.97750867604175,58.65976659367658,39.592406077782485,60.110896362760634,0
35.00385790647389,66.55069282861038,35.746111075944775,68.50292387885469,0
32.703546726826126,69.3694906341931,38.625704253106186,61.00436770281282,0
32.996793118639886,67.7250452102749,38.195232778291206,76.02833203444528,0
34.670310930345416,69.81838679599672,39.16816622928594,79.00079216886311,0
35.565703703241745,64.18978484142644,40.034917728931774,70.09556329648804,0
35.32227667888566,63.21807925916242,41.280456722632834,74.8731088431917,0
33.89869774729221,58.88787322697529,36.730678162567614,72.75322873552312,0
35.063254737188664,62.81949719241973,39.38723905887247,65.49194893835076,0
32.30993341545894,59.28592226294729,36.902005749575295,66.39419136837525,0
34.160608890073824,57.075610922742335,36.618830358097306,73.87899624598104,0
34.825676566778206,55.96343276070817,37.85319558766611,70.8522228100783,0
33.66309693641262,58.10251584271615,37.94100462441398,78.09676956680354,0
34.3363176568169,65.43284479746953,40.99712422612754,75.31189152236139,0
33.52152411571085,55.088441253759896,37.46231161870277,75.06950250118771,0
35.41379180227642,69.3014550770516,37.93314897840875,74.95031337956101,0
34.184529238935355,64.04878883411862,36.54377086026673,64.38843269242872,0
33.743343904186546,55.43537229920073,37.35290680588868,73.582837700567,0
33.61726667655055,57.47567096805263,38.27173104462617,62.55255594562321,0
34.48902784389626,55.40449677857706,37.758141794377934,71.28783966049548,0
32.10840818536125,64.64124472014004,35.94989641061395,69.23396888103024,0
32.20113853395451,60.68655796282209,36.481621989480374,66.53691609762618,0
35.04491883157611,60.686893233462044,40.2640687648835,76.63848570310546,0
33.00908612712952,56.22859349142464,35.135683009350075,70.78838095845067,0
35.99963131403684,60.24940515580276,39.551008652749125,75.6246609922179,0
34.60701862097556,66.3134980608929,41.64728212901192,63.987213647250655,0
32.08152006928133,57.28573518677186,35.88354682411944,73.38917689239821,0
34.255878327720076,58.269468113597554,39.89625479872306,75.33796196712481,0
32.67115657347121,64.10871240836397,40.235479563687,62.290657427577955,0
35.27720469724434,69.47081159551132,35.75669124760324,60.51356850994932,0
33.24782897757878,65.16020930275613,41.70720986744127,67.93308883033255,0
34.86005882019787,56.1399471676459,39.83430091153086,72.54484791202088,0
32.4076052217839,66.58721327426836,40.95205267362157,72.00823229633689,0
32.48422026026926,69.75766527272008,40.47844742452714,66.94407530616898,0
33.71351205293898,60.558563143270845,38.541725527739544,66.82462349722566,0
35.39830250799831,67.33496377135087,35.73877209450799,79.21575134429158,0
34.542340424405786,67.43060966503687,39.95116050594254,68.70974290015354,0
34.935181216053564,69.48210596857116,36.8905767747118,76.16398437613512,0
34.152691625793025,62.25246255824794,38.04902145102726,74.62052428610244,0
33.0735821521969,67.77569740028997,40.81511713223422,61.73325796111349,0
35.52652473601109,58.65795158786434,38.252959266222625,72.20663408461041,0
33.51595721651306,55.430499966551345,40.95666985418721,63.636797143153835,0
32.84847940071896,66.96748535242145,37.382371902149984,77.6063995951645,0
34.80473500132881,59.144028636342775,35.07105780107074,78.96125155554063,0
32.34245184783209,65.80111996156292,38.42004492794151,75.16329306964933,0
34.76243735778609,64.68854349611428,38.4357493455501,75.85865736264635,0
32.372213402218684,58.323946007087955,39.842510087066415,66.12412060260176,0
34.32622234132947,62.09890733139287,38.71645351802037,68.51007625410429,0
34.98374174685444,59.96186945793895,39.919984595300384,65.41832853952393,0
33.00561470480377,56.80983827128459,36.34809005416062,62.39109482510106,0
34.143455861535,66.43284414226154,36.296048897063635,64.32769279757211,0
33.93679434885083,65.86877501639577,41.836249160181396,70.49273738217215,0
33.13199481309982,56.507891621361864,36.35882304663751,64.54966326965109,0
32.71776617474161,55.21222550884096,38.738945624873644,65.48622653566535,0
35.897179724410954,63.300384501979124,39.88192175037136,62.52558985916818,0
35.473844789051775,62.36318041785668,41.10903814498974,71.48128439252665,0
33.87758777972204,61.607031972040154,36.290545692730575,61.027534343671554,0
35.76425438707241,62.16593780898532,40.754809517096014,68.01414884503879,0
32.29632868102256,64.44168560427997,35.37526352004773,62.9839516894731,0
34.251358388338254,59.55753267763342,41.957426858971544,62.369031244229234,0
35.057773781304775,64.09476476864444,40.53518580890393,64.51374274130069,0
34.09029014052087,61.75771697333131,38.099047028135296,77.2033333165236,0
35.960125041867194,59.580703664790406,39.34719124750504,72.1926182449026,0
34.96035722193818,69.21385300488068,36.45451534076486,64.22050390610787,0
34.64171254876815,57.35585640071316,36.21669483828504,61.50129737802336,0
32.010702890411544,61.757555569265534,39.15667836583694,65.82518578062056,0
32.9259049382241,65.6043374481855,39.92091290665602,69.08062652814087,0
34.74953968028497,68.85866566723823,40.51479618652712,72.50116014328444,0
34.64473217141347,69.0050268766827,37.975972762729484,70.89124757421158,0
34.590538893609924,68.6261716781891,40.78641811755042,61.42819673711628,0
32.6636911568829,59.614177189213486,40.24270405448736,71.38414098638185,0
33.15444235322337,56.86530487262063,39.820745938484656,73.99467369951435,0
35.77070496297616,62.50708265676889,38.45656653541559,61.60883703798602,0
32.15944313673445,61.48042996241159,37.2562510835081,65.00735804824008,0
32.365307546523944,69.42866653289255,40.85171029734327,71.50398218439861,0
35.80314511122541,69.99358625316177,39.705971090122674,65.39022051934109,0
32.160926692578464,66.34403245618836,38.293505762761434,73.03018978867372,0
35.66429115170707,57.722337208346886,39.09730737694498,72.69569438908174,0
33.96690320876405,56.36863609440741,37.43572739406255,66.66616787330184,0
34.680534038084744,67.86599641600529,37.30862564505276,73.87347347966865,0
33.152871181445825,69.17790309344817,40.69496224316581,71.00193217943566,0
33.81930363440692,59.71775735755252,37.26291650393196,79.40369453617154,0
33.61670022800298,62.71894378493658,41.91683450347228,73.15320772966258,0
34.17037437742878,61.19871356198982,36.31307778976169,67.2355871830335,0
35.0257726162223,64.38113113217514,40.31993375242712,64.07116476700548,0
34.196878556341325,68.91509141266671,38.066812665506646,73.96500058244345,0
32.48570433345048,69.59720223732542,39.26210166957375,64.785949246553,0
32.633512655220926,63.262585105040046,38.865759863376134,61.86418402563045,0
35.96902855758088,68.69394817726251,38.23013525925148,62.349322981791154,0
35.32857269507561,62.47563257060793,40.01622328194254,70.17744030139023,0
33.0936995868531,67.52085918365042,41.861712428223626,64.87461812150276,0
34.205060307521876,60.75379019870725,41.453077049520935,70.16481783185787,0
35.5173050205859,67.96040401642883,36.933731819754286,75.80012364006227,0
33.65976969420538,69.0137259052378,38.5541637306676,76.41098946371156,0
33.1313559331313,59.47833774657651,39.10856405689913,79.97804666458677,0
33.958561386622804,57.228931275741836,38.770064043927114,66.90247883386016,0
34.207669668283245,63.151450944380095,38.187412318065505,66.43554700458074,0
32.75460949482842,65.46247641430857,39.002583493894306,64.67124892115787,0
35.10217790039704,55.65470948645953,40.21293606095637,74.10455762050005,0
35.245635610259505,60.791181287364736,39.645821806391744,76.4149510341911,0
35.92327255463914,62.42992974424635,35.259137279419036,70.04582300265932,0
34.36072171723827,68.04550470043323,41.119332618380156,68.80612419541355,0
34.103804347230245,61.853921117113636,40.057106792994496,68.19957239492729,0
34.61912530571094,57.31541828157323,38.28643420689313,79.38407261148434,0
33.354244936205724,65.39056897880323,39.54885656805491,77.03530584701383,0
35.40936534626357,67.890132762524,37.660065782658585,66.333223078668,0
34.874869700891935,66.39102714001545,41.106681121789755,60.71798199675373,0
32.27368298872621,64.4674152528196,41.44650369146208,79.9485184591243,0
34.987065466951705,61.50957207884689,35.68910188468239,72.67495657561582,0
35.490316930428364,61.65517827492559,39.85800813955264,78.06848124100972,0
32.18396387470885,66.94215197743318,37.05357443175646,67.49682179550629,0
32.58227918279759,62.967494772231404,38.961496433411554,75.85038947761906,0
32.67993459627239,56.18452525989992,41.09587719051398,72.3942073707483,0
32.963319167425254,68.69243524035332,36.00182404089957,69.22299826709995,0
33.01590935765417,58.82990062238731,35.065782020184095,76.09266153950293,0
35.604837694395535,65.1641632854862,36.10582935450251,68.83459567207629,0
33.382262497772324,63.81357557689632,39.472570916520084,68.48617876921796,0
33.0003928976308,67.67955887713899,36.39451899376225,67.69386497934691,0
33.93283224423686,58.55808552891362,39.003458846455175,71.4962386035729,0
35.97076817450759,59.42846130824904,41.84561139203804,73.16459631857362,0
33.09792152071291,63.48893525433549,39.800596449138084,74.89337682330651,0
32.196177003104,64.09609739614712,38.47709100566709,78.08310581787451,0
33.144776605836775,66.98290179261399,39.24945498714986,67.04641911670633,0
34.546471512023565,64.31336744695456,39.74435121036352,74.41856753341418,0
34.63672616126701,67.57505675443775,39.39773672580829,78.06807408145936,0
34.58536243556209,59.63399325928954,38.085762331139684,71.59147610736805,0
34.92943907175695,56.35200063619328,37.06577316140409,74.94961729876744,0
32.702560281777224,56.982396966201755,38.77585431289095,79.4297916242268,0
34.12340949481114,68.70230461722545,40.81330833697178,65.13940169126525,0
35.29875925016963,62.22771744810612,40.64541945655637,74.9311870143409,0
33.35486101520755,56.72754561174639,41.740253050082146,62.815140300117655,0
35.86600083785101,67.90210895348233,40.069516984528626,79.59884485563808,0
35.869078989200126,67.06881466030843,37.560425345838965,75.81363937177875,0
32.05567462040361,63.04858462403588,38.18350219413712,73.45656763747508,0
34.689363189404055,63.76840137478249,40.75692110858742,78.80583783559109,0
32.433384408796925,58.50732853317375,35.17517254752538,77.68469690429704,0
34.245629528999515,68.7288386311474,36.54957040051793,61.26434082320391,0
35.29542140556179,68.64081457641838,37.11533122170475,68.16591711590826,0
32.55910805002888,69.1939229932292,37.13055209049204,69.85249237956411,0
32.38876799448729,68.30888962792753,35.94964834094436,69.07287513777786,0
34.68194487540069,66.14710182284757,41.621818600456024,68.38253506829446,0
34.969076059061265,57.31784353614753,37.90419169205765,61.98043269421057,0
33.957388151158455,61.12173828546551,41.66065067766742,60.65432573710094,0
33.48211983493774,61.650746290910526,41.65388618895999,77.1090038661191,0
32.39741849842452,65.28520398221929,38.811261030375015,79.55685058904093,0
33.43469536484927,60.9720946411656,36.328659935127554,62.44319438174527,0
35.392132753854725,61.820760528557756,39.63938116643385,72.83408934466435,0
34.38858383807818,55.32036182104556,40.50756213318232,64.87137794328048,0
32.50369554123217,63.468669638619446,35.48027106977049,75.30314751777169,0
32.828629481386635,58.23927027878012,41.087867987386815,66.57119106864461,0
32.59021671976578,68.50796553447637,35.01984886036011,77.16812252760353,0
32.578751921282034,56.94988197165155,36.75457937709687,63.489942418027866,0
34.64423057038927,55.38670224679298,35.104022290614964,75.79969328469508,0
32.95172642436185,59.85657192943034,36.21972340984324,61.04798035722353,0
34.966872227816594,62.89128289896801,40.21965692523797,69.524919308465,0
35.112068157256815,62.698569364137875,35.76337807002692,70.07677379571643,0
35.781662571880425,55.650475553487574,40.482588971862654,77.33961815519677,0
34.085804858852335,61.87063783146523,41.7481832818542,61.21650814989012,0
33.915927643993456,61.024258817688406,39.80268247243563,69.8053770828845,0
35.638803316460915,56.102360736496756,35.56553334187554,72.1659484726688,0
32.26272893328046,59.1252399933693,39.43153707010711,70.9671286809672,0
33.30074177327467,69.91941633791386,38.71389786201927,69.07430835150943,0
34.42170716614125,56.48767692518563,39.912455929822464,77.0558547459115,0
34.603666659525224,66.53444095157107,40.04587941660319,64.30046132654994,0
33.80621966386113,58.42740361546876,37.37252133184623,69.06997805814895,0
33.663958601045984,56.42628758913446,37.98734804382671,73.30215726120618,0
33.49720409374215,57.28958387153086,41.460895250140695,61.342666162732954,0
35.32708755389942,56.39845152555516,35.6759510279605,74.77591996977432,0
35.24707714110957,63.34556103423025,39.10525557917634,71.23172827984145,0
33.31858392566482,56.83346928031839,37.47518655743637,73.30681040005831,0
35.001137001005915,68.02138223303598,40.04742475122305,79.36797250622949,0
34.40164036489871,60.274692785397235,39.04542962872898,64.25477611344012,0
34.62694521195261,58.363673036613484,35.75752867349087,76.9074683720269,0
33.4702442024614,66.43908447905275,39.01870003032024,76.14442742304689,0
35.380620645313435,69.61819903188562,40.72898801678469,72.2714656107093,0
34.57079665531933,55.393807471803754,41.50359003696455,76.58921579919325,0
33.06979090061644,57.70624107941282,39.91889141005923,66.1796937765982,0
33.359298627109034,55.09158684105488,41.089038945755064,71.32642189522753,0
33.60313737599806,57.12811981226903,39.4322040885886,60.61314196761812,0
34.98444704802283,58.22699320050266,37.938827456351525,66.81791963538666,0
33.48021236990802,65.8239395161401,40.43784933976718,71.35187113228794,0
32.33982815990872,55.789132396382826,36.10186927975007,72.35676363852062,0
34.695874842452454,59.08154265319328,39.63357084965783,69.71323409781992,0
33.76817674679111,59.09750266547154,40.28460200567859,62.27635016220403,0
33.71965453359156,59.24869705120674,39.74940378332093,69.73265506728501,0
34.6685302349454,55.68126043906641,37.766843772613406,71.986499138889,0
32.030748343599534,59.52129043027655,36.478637854542185,62.74469610514654,0
33.022078016085835,59.92183533906761,35.05410934598518,74.94028246859536,0
32.70277920750337,60.703111685728544,39.925698843678646,70.00524693112426,0
35.33341680967951,67.09300279850146,35.504528476145104,77.23528724045177,0
32.16920904625117,55.281123048784686,41.44813704151689,77.24220027224132,0
34.303036642947326,63.600995213287646,39.96649273098254,68.35387919686961,0
32.460693490655196,55.31284838537123,37.2733772561186,76.02644308620904,0
34.47250105321696,67.48038869607561,41.43838826218969,61.762597625957696,0
35.37793743925879,58.649747122341005,39.12209901812038,70.47925086001263,0
33.58306678743733,59.654118427537924,37.37659296803925,66.66137244986264,0
32.672530832182744,62.657249268132226,35.798186478869866,70.19904124645944,0
35.6236909263202,60.2406289820857,40.09165373971733,76.37897203049704,0
35.260148023000056,58.54403273420086,36.02510952794386,63.945436056479664,0
34.40959594109266,66.40322943320338,39.58856307363117,63.542922578944584,0
35.09139235699024,62.41175537526083,40.2811207767289,75.19754299215496,0
33.79562102798025,68.86231387578489,38.9514424838196,72.70596638121187,0
34.49808711776758,67.96370312247124,39.390521848298405,63.01914802786154,0
32.27314503398303,61.63312095754427,37.11974304597309,65.49347334972319,0
32.224688480852315,62.61005327934667,37.17285495424418,69.03827727401364,0
32.22756020333581,67.47544947494683,35.53711700821418,77.28500067850479,0
35.42117348582436,64.22512582623361,38.54947472133769,69.25423317854545,0
34.21726548535322,66.87726695898039,41.27113735889762,68.99467407301813,0
35.239263670791885,64.77756181972914,37.250687340163,69.51258055886139,0
32.603444306782556,55.92810550151651,35.72451314089274,77.98253667911547,0
33.37375110335307,65.71473323751194,38.531843010506705,63.4511782287273,0
32.99097489439313,61.56637411463849,38.07595254233837,70.45496070531091,0
32.63498483192617,60.592779731519904,36.980255050300926,68.17538794494641,0
33.353468587365676,63.96828793574484,40.524588520945656,72.94610713938614,0
32.26364741711887,56.41758921272641,39.74865541388057,65.68293947756227,0
34.89493462000985,64.84846129615717,41.34439888014574,77.46559324121077,0
33.333448144242226,63.741092718796295,35.98999866409022,66.99641575071689,0
35.87078603077098,65.47719944217822,37.74370589034752,71.90082456303149,0
35.75200879826304,59.643728311239414,37.6367551423941,75.83323915727087,0
35.252739135259205,65.05174599992084,40.802712810261255,74.77549344258966,0
34.741657761110304,62.89590009601261,39.52217374513442,68.46812732644207,0
33.447312385387136,60.438965034730664,36.26184046013791,64.283853224178,0
35.79067307013739,62.29406381309091,36.58580132573721,62.75130706354159,0
32.308660337203506,67.66642583028825,35.70798534567526,75.41749440726201,0
35.34047930653822,68.25523248238842,35.26423244650293,66.73528743928563,0
35.06523041778897,56.96573562144262,37.63703909575767,63.24494424176901,0
35.3253802267565,66.56646720596483,40.66330603747511,63.31078331488117,0
33.750693620553385,61.162879172448,39.73454045531973,64.7506040289385,0
33.776794839221104,59.273918988450376,40.23975562666806,68.97855926066681,0
34.13604459879304,59.642018448441846,40.66036709763551,69.38031210064506,0
35.34045357090283,60.517614373375494,41.62991119170886,79.68879587063154,0
33.846719913763955,59.22657599055663,37.67310703933497,70.54919576922966,0
35.86507261282379,67.2533685937186,40.60881456906083,62.76797069206862,0
33.00001284635603,64.61768554306671,41.11881861536566,71.09081490848862,0
32.41035892699364,67.68838415100157,40.95816233659345,65.70126028118656,0
35.052467321166766,59.09186949387035,41.33714346284769,62.94697311983209,0
33.749890240779926,69.1961989451764,36.554266048348865,69.02255980441419,0
33.398340312554595,55.40005286204408,35.37279821019752,70.0401422938647,0
32.94311229545373,69.91788026857436,37.624388713924375,60.563750910563,0
35.723303618999815,67.58764431417409,39.54972479005927,75.82761274964352,0
32.550398350903485,59.30319095969902,40.808331082069756,73.92143977151967,0
32.55517076727274,65.5830426293362,38.14021031787573,60.105023966112356,0
32.316903085082885,58.83885892655567,40.84474169497667,70.97608490887671,0
34.908939141299726,62.916572588300866,35.77830802226967,65.7620315607846,0
33.20460477834488,55.71624169928277,37.9387788062741,75.87798217278876,0
33.82845446654579,56.662868429350226,41.336028199633986,71.93478085637894,0
32.06574140882358,62.73063595314109,36.69356694094695,62.8715368049252,0
33.71695557241333,64.22214374163926,36.683949671645806,68.3313519041708,0
34.65748520696803,56.28420932480893,41.82258143666555,61.35358645817692,0
34.10423778128868,62.609915448696796,41.91832039917527,71.08303904836391,0
33.56181493024026,62.05202617237729,39.44969554028041,79.6207884510312,0
33.01460104427685,55.243633466634215,40.519640113956605,66.89604986326782,0
34.93176408580257,64.42385443713485,40.400509618769014,74.70373969624623,0
33.33007443348794,55.665035324428125,38.82209621645384,76.27017731112176,0
32.70035650820683,66.68713890217423,38.25236029822926,73.90778503992128,0
34.52694339103335,67.1724652277141,35.441703759225575,75.52380799406843,0
33.83071830978941,59.40163856762547,35.30664392961386,63.98939667430377,0
32.16762376772153,69.00056469925596,38.60768512478149,79.78245404592246,0
34.17212279061674,58.79970647803926,40.27303643173205,63.822068614678216,0
33.42789670414145,66.71262350467637,41.0605879395464,66.6384937276269,0
32.49790003297753,60.5202876147201,41.226405619085966,74.86615411039243,0
35.57854997982021,60.79967152391038,41.81606509020716,69.92406453074045,0
33.99009356997451,68.86465699940446,38.63493097474459,76.02296174803547,0
34.908325297370546,56.18390509083202,39.21717309181159,76.44682559079773,0
34.18189758937855,59.818171423218914,35.56048237752497,73.21838442916274,0
33.22598342436301,64.039324415959,37.98281251018132,73.79529616890973,0
33.40618793508797,55.635327442751944,41.09026022539474,67.05118620616965,0
35.9926023910922,59.11833040112286,41.86019095435995,78.95808757206173,0
32.300164659952635,64.56268806824947,37.54317791455688,76.0219195112434,0
34.71764243125876,69.29184094419412,35.99945627853785,72.1514580664171,0
35.125247878973866,55.52198448697813,35.470633541434765,75.57030747013731,0
33.4653138924286,60.74281602533166,38.970712492068834,72.10189657709572,0
34.71624822765358,69.23235293898335,37.60409364929479,75.26168943597159,0
34.29568711333558,62.94189822304435,37.78623832166715,72.99121473412063,0
32.99844661237359,56.70172918877527,40.149724016356,69.98087920512934,0
33.547949520157054,63.425090661394705,36.83243673611247,65.20579542279806,0
33.78509244962247,69.94547668232141,36.999038143887105,78.32957819083762,0
33.9648007810169,56.83956132855956,40.96978403269026,69.04085370490795,0
35.59471612314492,61.67666789113682,35.61453518773312,73.63858520501275,0
35.3820848758988,59.793816581499556,37.43197706316995,61.29878156632142,0
34.16868544490225,68.36997523530833,40.959534355271884,74.23618208014426,0
35.70929782689271,64.56550033846024,40.55587468691502,70.17511490348602,0
32.485449820313825,58.01470556766529,35.97213810426856,75.80746121615499,0
32.105136107233065,63.310321558893925,37.58237815850855,76.07323452577172,0
34.20658773570571,64.17922543930781,35.60350837156353,66.18581435056925,0
35.998380175737545,65.7830448983608,38.6798695838121,75.38329100749397,0
35.293357598033566,56.10626069366859,41.80665812059636,72.84677178772762,0
33.799897982651984,65.20163485974372,37.4116034649189,77.55920303300823,0
35.12105171535323,64.59690894049994,36.27374195586496,79.32529227868213,0
33.7304731459279,68.66068406420331,35.38788995012444,62.48322241278024,0
32.612061867240804,57.46985619835186,37.25862525808189,74.18664265058491,0
33.38409232936749,69.11356082397302,41.264481417747874,76.91867412311731,0
33.002421235928,64.52585637081619,38.855889908381975,62.503405902538056,0
33.211298424435505,63.00217044652571,38.51801201318884,63.37271803495413,0
35.766427951474384,57.31291400319345,39.61113011368628,74.41265536874546,0
34.42055563144742,67.63795006170083,38.94532624101907,76.50472534653264,0
32.11349395159551,55.68192704937013,39.49017613677052,71.53542462954758,0
34.6045199099424,66.50438501374467,37.916107485642726,72.77982384417741,0
33.99215224054446,64.40746015447127,37.02770159761124,79.1330033990881,0
33.931779272701675,67.07032231323599,39.794935888369736,65.94867742859485,0
32.291892102021386,55.89869549402003,38.07723849944288,69.68502260214719,0
32.816092054253595,64.09990394230954,37.18807749472853,74.36725770224875,0
34.936799019218185,67.91166048631487,41.827618895404164,62.61532303104773,0
33.482160792201164,63.42476823622554,37.2338112048221,69.32945134081272,0
33.06988669781673,58.71878323788319,35.677681567924,65.80424009939803,0
33.536599334006425,64.23066166245953,36.73789196266831,77.30615003441436,0
32.63879864852064,59.91153731201793,39.04380926525518,66.25429841724547,0
35.05248550055451,62.47398313089863,38.60307387462039,69.97519416795308,0
33.234161928217716,55.34764447324527,41.61662962848466,70.10888926047544,0
35.8667465222099,58.227166337893614,37.470265621994486,61.01080809255784,0
33.9795768141007,68.23509214552301,39.57982025822732,69.41173706736392,0
34.146762997155705,67.70758548090203,38.016494385432786,77.64911461837185,0
34.91003225343757,66.45785146242984,37.561561467622944,68.01163242029513,0
34.28112657552412,57.91982952831579,38.872560486348064,61.47063499485684,0
34.01702211649282,66.4660617206086,36.95804474336787,79.78181401241446,0
34.721594560475445,56.782165295853844,41.82557970789649,67.87807425457214,0
35.17958891352378,60.08627949928848,41.572639968687625,75.09930344585588,0
32.7962315262098,62.63683774337773,38.500545324994505,60.906067049341495,0
32.54814549427008,59.99561058029151,38.31620905276633,69.13977118565748,0
34.42504208961522,62.73258598220881,37.29576093345568,72.26136242129355,0
32.65000818350776,69.8592360634171,40.17523552401523,65.98468685056636,0
33.34549380860671,67.42434078936064,38.726378809131134,74.17479612870876,0
33.199162258949656,67.23623249865736,37.578504669060386,73.47612784946033,0
35.919592124716644,63.7555321277318,40.57728369751103,74.50648425103711,0
34.75217460481109,55.399707324457495,38.322131498595425,79.34141392344102,0
35.131615965725686,66.64243037758108,39.043440771049276,74.42800224592614,0
34.33409310819056,57.55768092619989,39.403176688017545,72.39471611002179,0
35.36466849983306,57.216635624504974,39.76508826535475,60.63141026684199,0
35.79282068313721,56.64843282000545,35.13256157254629,66.27384966891711,0
32.60572503247738,65.35750391377788,37.872641865258935,75.49944603614182,0
35.682083799588845,68.0922656336848,40.15086089888077,61.245625720288636,0
32.55232994314084,58.11012557456867,37.275346740982386,73.24453599428698,0
34.101908605600144,59.70628898106726,36.212276967001294,78.2424832184802,0
33.369308070727385,60.314304829672196,40.403928489041185,74.41849122654585,0
34.573236399997846,65.39969965044732,39.27053606055126,63.845283382734266,0
32.986076542109444,63.371299762111065,36.57406926594972,79.45821255181139,0
33.19045826110763,59.335062061052874,36.45094456398248,74.09976519480394,0
33.26816298007379,60.232047613019596,41.5359026233956,75.90810712004667,0
33.09383014702169,56.828111585990726,39.73635572047782,67.59388370748765,0
35.92064214928545,67.27566190195843,41.68226204374023,76.09231667913141,0
33.161810607971745,59.3144551242121,39.998989012488764,66.92727028191233,0
33.76950444745934,58.84665963210223,38.35355484111538,64.04136014401193,0
34.15431169483461,68.99535900674962,39.87319910452776,62.74545909601846,0
34.46270813765797,63.802457478562225,36.69720626887201,73.39667929786208,0
34.124165958931194,64.56916860112956,35.36743774787624,68.26602732096518,0
34.86943222500098,56.508173571660215,40.39536240668795,60.1036289281426,0
34.20141026311847,68.93649520254966,37.848352160828185,78.70064197192303,0
35.513598486056914,62.16172780661345,36.39619182267321,79.27828077781871,0
33.28467080847667,64.68846876835404,41.35555871114936,61.78921441023033,0
34.29653341270149,63.02728415340407,40.06182374769696,78.73338759501252,0
35.65291890267941,57.625971632214444,41.175714812153835,63.515774150777254,0
35.678539247403734,69.95757704632766,37.778962019948096,69.90767794643516,0
35.74643497911105,69.43197070125014,41.4822778852751,77.53486335835846,0
32.0370686739204,63.51942802996743,35.751104835414765,79.65987776742013,0
33.138246609400184,69.83649205133085,38.803103384898826,69.87824840683638,0
35.75424200696349,67.76589607866995,38.27614538304403,63.856227965476194,0
32.45058704408062,57.43741393809608,38.21240129722653,65.14529760459038,0
32.74479627651227,66.04926843238385,40.53537365097679,71.35562444841878,0
35.029131001030244,57.63242370757697,40.993025529914206,77.9408552356795,0
35.307959301105235,62.72920988439694,35.60716438893849,73.38511706819908,0
32.73912480418936,57.10917813451448,37.26521169059558,64.9609416733429,0
33.04314110826178,58.53281879202301,40.2762965624702,79.08069645309826,0
33.207783358766456,65.84323792601496,35.08005013935917,73.07366734140398,0
34.77107436169096,55.93186497700804,35.82757393462781,66.1361268400724,0
33.62166645187359,62.537807068575844,41.26582858871378,74.07114070204511,0
33.24391179353864,56.76123618767164,41.41291270095445,65.90075200312494,0
34.4585017925754,58.28692901403016,35.934981475377626,63.063711293783584,0
34.990939348603426,64.08608422133604,37.91091930801857,70.9846901763673,0
33.883312307517244,63.06276531539801,39.648661075377646,64.36823245314652,0
32.98986171723431,66.32109324587299,41.11194540941413,61.6374061294655,0
33.786991909985936,65.55649187733809,35.54671905503208,71.28337444546949,0
32.24703219022673,63.214738730663974,38.53840939264817,71.4540334845573,0
32.59940952552966,59.9217645661331,38.64239078829351,62.324800443693285,0
32.82160594215745,63.74721517661526,35.63659151116182,70.20750708065668,0
35.234768332708946,61.80148450269673,38.59273490241149,69.13596951423752,0
32.2309471237301,61.935674586083856,40.648407467880745,74.46560159650005,0
33.58379483981303,67.24679838899695,40.220631379822706,71.56622530118071,0
32.18115921091132,60.16793299843202,35.44631938478458,79.8824732095384,0
35.738331195539786,56.03528719240471,41.53642893809452,60.63469742046158,0
33.63546774327699,66.53458093875224,40.36079378046598,79.56666569848201,0
34.58352327238865,61.30542908323492,41.94999619006615,67.64959237702745,0
35.47848114124283,68.60150967286859,37.62951873661391,73.65460708203082,0
34.64717015250187,63.0895039587829,39.574738688930914,66.955397742783,0
32.713894516016445,63.05887729597002,38.70189777680807,74.55716281812256,0
32.89076086386507,55.05209942417362,35.15914729125377,65.96725977405964,0
34.69399943110627,63.16668008537531,38.72353525947731,76.46720874751568,0
32.9900481540151,60.1923960248144,36.92954809456589,78.74820722270134,0
34.90009578363567,56.69266958149716,40.66634728477436,68.38481196983504,0
35.06421387005561,68.25634932768062,35.109520574544845,64.12163243700428,0
32.403586852370026,55.503644136314215,39.18449427712087,74.06572533729857,0
32.194705284974994,66.10811617719793,37.815857455676344,64.68678556975124,0
32.869076840710214,67.95595364005085,35.39510824517123,70.07791697881869,0
33.15705380541568,67.23679385144975,40.120622381812126,66.37807392738384,0
34.39167069710905,65.08797852155371,37.24465580775088,66.03528870288406,0
37.85815108540832,84.90318635716115,29.326256442676197,89.50751430636129,1
37.652394092766905,89.22780382540083,33.2782833457833,98.67366498430816,1
39.06498284412083,81.40800873441815,30.973724724958124,99.58435353015528,1
39.853966024579776,85.07013787118584,32.714827575883106,89.78101685974468,1
38.54081158355361,77.23826411737745,30.258761131042792,96.31624145857188,1
38.68379705103055,87.74011398390061,29.804418512770887,95.61365196231958,1
39.51444039983722,88.72111760723858,31.374315697521453,99.5167928281994,1
38.893216895498185,77.01139126588618,29.457151096537515,88.05005099590082,1
39.11676462886986,88.83339156766833,33.08280031551767,86.38695994790295,1
39.311461780768006,77.85722427646107,29.610769527129886,95.10507880951867,1
39.00730511247269,88.10430687734309,29.128979763596533,96.42544626305815,1
39.31076309963037,83.3827571440879,30.87636523882549,98.04210777286806,1
38.33241077704705,89.3552964079001,28.092002237370956,99.05739644803371,1
39.90519389028615,76.75974299165001,33.99743204210687,92.18381314513549,1
38.10648295461436,84.06602301118171,29.22707885786736,98.72689689390334,1
38.88019823136953,86.63270823095655,30.283970466237534,93.00475191124394,1
38.398148888878936,78.92342441078029,31.07689924014264,92.45915939651475,1
37.7465205789137,89.71977685269866,30.81694253213535,97.59596772345527,1
39.78582624724372,80.56057382146888,30.483581023471746,93.43787091196532,1
38.053185245790566,77.18884069653822,29.56464465945862,99.0213737544453,1
38.9478573150935,81.26367110332761,28.91446846110486,89.9479792896679,1
38.449599436852886,87.50044072930478,30.995808894215934,94.81911949181533,1
39.21211653086476,78.85990136452324,32.92955163815414,99.49762400875515,1
39.10423613599677,82.35893373871174,29.009401875709244,96.92463271530451,1
37.923164277150455,85.8047029614314,30.929897927524795,98.7534908454155,1
38.85534213837839,84.6271419477355,28.35239230948438,85.50735635747036,1
39.61674345795681,89.17782166801348,32.009293260358916,96.46508265358028,1
38.53098055603898,87.63817075238023,29.388600352464675,95.6075434555519,1
37.52285365422665,82.58599379539598,30.23920415612087,94.26752853815205,1
39.16688682388335,84.24779041626508,30.89922492173095,92.31781576004607,1
37.5165308924804,83.27465341366886,28.071105808767356,92.94126470262476,1
38.18685184299458,89.66219022348767,28.102855585614563,97.19735831370865,1
39.18508238029803,87.09251548421143,33.4586401959926,86.6052464304174,1
37.74078472562852,77.23346228610376,29.15159234194968,92.89683978100324,1
39.538035976783206,79.00987105014954,30.38137853498843,90.59577375195524,1
38.515068524684715,83.47503273671954,33.94139818983837,88.38785878941134,1
39.21010406367596,87.71800653047303,31.922414317354917,97.87328738531781,1
39.39896462544211,76.40250758140664,30.275584133438898,93.29052159294542,1
37.640287347822415,75.14175258981196,29.028301451326286,92.49787589669188,1
38.58477412992916,86.76564466185167,31.395139767706212,97.86940470045504,1
37.73840458867682,82.92238778462472,28.255310545702272,88.17125583826821,1
39.670292226454016,88.3133146055174,30.85300172587164,85.69842956112615,1
37.68587014981413,88.88377215121385,33.395869905190054,93.45264796071976,1
37.58225445038368,88.93149541881989,29.886908159359905,99.42203784814009,1
38.967590260211225,86.28381704770298,32.27626839969616,90.97444030592683,1
37.69234372860336,77.43675376072059,29.44283316582572,97.51975840137628,1
38.4728915184184,88.4478865050408,29.99037903773097,96.33413896781339,1
37.84987648558799,89.82716936871155,32.34498142056589,92.51189277456588,1
39.93580831858999,75.8054464792109,30.622529517060997,97.58011986419763,1
38.35148186618777,86.53508480048164,33.729150381488,90.95054573963439,1
39.43388729032831,75.44438488417748,29.639962171772783,99.88878817676196,1
38.72650864027698,80.33716796558772,33.64685706982435,91.47771919359317,1
39.199237145220394,84.91007861272314,28.514164705820413,94.27923835389832,1
39.495137934506864,85.69662799017578,28.49222805803889,87.31331445798277,1
39.27919288694654,84.50851322944577,32.43793173385957,89.75017343022304,1
37.76637729427815,75.07792833555045,29.849604730817788,90.39876246020344,1
38.17441610809847,76.98760506741299,29.124350701167263,91.73265515532177,1
38.88685000152217,81.12066262624707,28.157571424079784,90.30871431017889,1
37.732660651149686,83.97065696691409,29.946581983434477,90.77856876093975,1
38.2296183782408,80.8169933906759,28.508197101571135,98.51704067284649,1
39.7630189357834,89.67259596020831,31.431762584497235,87.54374385088488,1
38.45183005872186,77.08260088439125,29.806787592250412,92.39685913316177,1
37.658167875692385,81.52014403894117,30.526614038635145,92.26346970900893,1
37.69230340348789,78.77549606683354,29.479540410082016,94.37550531653342,1
38.984515995097695,77.9332233732039,28.641834205485413,89.56986993626886,1
39.872058655986415,79.9832582296744,31.721153127248137,97.06114692936073,1
38.32385429069815,80.02104335620436,32.89285282001802,97.89262700651253,1
39.935563441261515,77.04186707367397,29.923990932250526,99.20918383024174,1
38.00212872175518,79.71274921793162,33.787447738568765,99.53087832620044,1
38.22862037895013,85.42436651508166,30.946043877352615,93.63818922437441,1
38.10606074195143,80.6408295348622,32.89896709259748,90.8940269460919,1
37.784719559029995,83.4577576294318,31.553362205502314,93.18443628176233,1
39.20428158282522,83.2514873549621,33.71802766891778,91.92433334249722,1
39.27091762814016,81.57682431463363,29.747987247911773,95.39252918986514,1
39.547413920011145,86.93485253993931,30.454849541469407,92.4895482293344,1
39.08334009913416,78.63031751506199,31.95197781119391,95.7285458694914,1
39.47269190805016,76.10947703373432,33.944203686621805,92.18852049658939,1
38.502012743323434,82.59918964544264,33.52235310686977,95.37563298847161,1
38.8591130084687,86.86081375573889,30.15717695809756,98.43252273041348,1
38.84226496506147,84.57270550516262,28.509891604305928,96.53431071880061,1
39.14400411145191,80.32513229172734,31.881999087900425,85.66445040291774,1
39.95902051487996,85.16207843796279,30.397706477350493,96.29024166594408,1
39.91429194428457,81.45683315835274,28.06328663670748,88.88107555605484,1
38.77669060131261,82.78196650274025,31.483109773144026,93.62853097405639,1
38.61444637876227,80.86701253016254,32.63405339477459,93.82884934810221,1
38.75116445404934,80.17451081399277,28.147375918154616,86.56824037009092,1
38.53993857131428,89.42591798519956,28.69641602775385,99.1101423721929,1
37.85418794207887,79.67835515846312,30.73199581135526,88.10300989312472,1
38.70731499694847,82.14243796813746,30.628995629638162,95.451448982855,1
38.29727368554425,79.50396124772911,32.86111562151219,86.7262790004818,1
39.62295002011727,84.7195487591657,32.0628359973453,87.46531139276055,1
39.9597511764707,78.65869419827989,29.046719396944802,87.40203566823038,1
38.89962238122466,89.37693932600925,29.391133284468463,91.0757115442038,1
37.96112943787848,84.60718314990118,30.592806714575694,85.43788411513586,1
39.0352673434298,77.9598665367337,31.55321895016221,90.8325367053356,1
39.261839039899336,78.08676719050983,32.51395297216295,97.13094682946891,1
37.65640937867291,76.52628073090713,33.231875980059314,87.8043975344814,1
38.314962278997044,81.86325633309278,29.574120372714166,97.9395482118596,1
38.81928754906946,84.58662878499226,31.581824975697963,94.16962631708503,1
38.96751178641304,80.21886956155132,33.07310681601736,94.26044019004638,1
39.534345635652336,85.5898254141897,29.78466900819611,94.2172677356938,1
37.71187992155757,77.00921654476066,28.707169915969942,89.58070003803249,1
37.957611295828706,85.40154812574669,31.064949216922965,91.27358659316889,1
37.8446682463364,80.7556494425653,29.114522195756592,94.53252463087952,1
39.233582316323385,84.67890142619926,33.99939731537855,93.32368863748746,1
38.72410506548052,77.10444802646695,29.887480087965066,91.76501456119976,1
37.634028156577095,80.38558758257054,28.057500637379686,87.04802071993744,1
39.53803985163466,89.4574363412241,31.03262811838402,92.42454771799605,1
39.21174167639997,81.23445652911168,33.03935081260734,92.33049267909529,1
37.706676564466164,75.46291058464507,32.56633971127255,89.3813486433806,1
38.18713229568384,83.0641292730723,29.009253864619442,91.85982080910173,1
39.356295629824466,86.48879332415535,31.29835710722831,86.69816492938035,1
37.785516628397424,86.62669541795994,32.9396968479854,90.50292658158132,1
39.556527319490655,75.6241578340535,32.31388144678026,93.19529912082947,1
39.97443931969171,76.53624658316248,32.98042429925524,96.27018242115508,1
38.24427233775723,89.98969003918361,30.698394056982483,90.22865465233471,1
39.5418214627911,81.58604855075,33.9637461059117,96.6344747482116,1
38.0923651384167,87.16054075259115,31.527543381860863,90.25946261670984,1
39.2768848987345,84.49155946390708,28.995889706141554,87.08852448890164,1
38.016549140466935,78.1041408112765,28.356147001836046,90.26223218429246,1
38.2027125469755,83.08152819071456,29.94192169512809,95.56080642632783,1
38.22333310866236,79.0101459941712,33.148101069677544,99.78232453392691,1
39.19824828980828,76.42837745721513,33.77663196996275,96.78536572436946,1
39.79692177957456,89.88729338467012,33.20228554260267,86.90332252920716,1
39.66519698747789,78.7451586290721,32.26836909303501,97.4272270404795,1
39.40368396869964,85.14351830549919,30.936752355493827,93.66138293956243,1
38.17179288021872,81.21337634047556,30.711950335302184,94.50441645025447,1
39.70031270326831,76.39642176063926,31.093680832526193,89.17338531777676,1
39.84084028522144,80.53606761113133,33.70152447319229,89.90933920241396,1
37.506182712854965,86.6120293565654,32.39634415923692,95.9639790623058,1
38.64612314169929,84.96215731247764,30.149336376045923,85.94996029090262,1
38.83606116096891,78.26744902522809,30.577858604111416,88.17777199611608,1
38.17134209578606,87.42515425573212,30.026530931024723,93.66900460391427,1
38.91535527729285,82.28006856012757,30.062437723315714,95.2382788913981,1
37.62102315287931,76.49362112874309,32.70333857104341,91.8937264401035,1
37.81059294807599,87.86477399892921,30.64771569325856,85.01013897268156,1
39.89507942325993,78.034773095961,32.131551291469066,86.9786963107602,1
39.12499299835163,77.38466194358729,33.596353376355545,89.11029187142924,1
39.13646991104699,78.75583917823663,30.231062605880595,98.55700403253486,1
37.91381269789836,80.9451235039835,29.833055469065386,95.4916205728686,1
38.08535960371105,84.83227842575303,32.222188238584266,85.01629455537585,1
38.69201677065229,76.99049688059979,29.357145168756436,95.19974087682368,1
37.523217369021154,85.43395660932073,32.90265416147979,99.82232364196408,1
38.55578483443765,76.98262726638842,28.42496983240307,90.74604888513659,1
39.326908454409924,76.5364075567426,29.880108864645436,98.21483492470406,1
37.84282323685886,86.60190725475937,32.518946805946406,86.99719346779318,1
39.98235038811596,77.14279600252341,31.183049659280087,85.12712112929515,1
39.12505053289452,81.60149131169777,32.334592158185934,94.42120057511355,1
37.8784353271107,81.17564841539517,32.119397019254436,97.89943786903225,1
37.716720083664974,76.50697668716458,32.51467387928771,93.8436087664227,1
38.460079773357805,89.44873065829896,29.887022009093016,87.0974528321385,1
38.19241914236211,76.2637307399698,31.32037979070838,94.00011800838779,1
39.01898274728881,86.6845447876989,32.14285645008792,97.71838156659939,1
39.14601342521286,79.52474000365798,31.106494766783424,92.64283849172068,1
39.369609102453126,79.433130768631,28.327414786091516,98.46868840535484,1
39.88667877836788,82.42331579914901,28.67646197562285,92.49373811908987,1
38.98482442034431,82.92429751404276,33.86618168706001,99.80323799264784,1
39.83481100418554,76.97974321099053,33.16488402362049,93.52570583159441,1
38.41353115712025,85.24413073503639,32.576355627373516,99.3167947591133,1
39.42591762306154,75.25034102656284,28.4051954156366,88.932779157431,1
37.59956715484297,75.90703289382309,32.735739993958546,92.59915906412391,1
39.07142674015144,82.51573448260612,30.492591966252412,95.52715957935274,1
37.706069529811614,83.04847224105023,31.696282334000486,89.1620160360184,1
38.2747672140416,82.66957047442997,29.21918496374697,97.1209012145598,1
38.840975432223644,80.86097254452524,31.80576548411954,97.51789703777129,1
39.202639211773025,75.99172625431822,32.19205528963295,95.94937566147313,1
39.61617028785194,75.86858916034696,28.517276790348937,91.5172538290903,1
38.633429605742855,84.13248606641166,29.85574038324116,96.12540263586331,1
39.351645450585444,76.79164510361831,32.24740364270859,95.522494168358,1
37.90958157733852,89.29524302632046,31.13803217637045,96.74480652315619,1
39.301913795233645,77.50444431288571,28.76158364488675,96.71685969905481,1
38.17191121602311,88.29622139610984,32.62858174293775,85.44034376759205,1
39.51776961664343,79.0797089253203,28.383231934738888,95.68484872300743,1
38.94162918678546,76.15605046929578,30.731186666076564,90.4018584328263,1
38.74902501440346,83.50329192357675,30.20612666714087,88.82674121558617,1
37.757262287554674,83.60868457788085,32.3366702399552,88.42606634729877,1
38.772062212276616,75.66056860894214,33.17757096941567,88.66827175535055,1
38.67941147394435,80.74469211551099,28.900508009446902,98.96740115735778,1
39.643712994369935,83.29297182743797,33.48368601712677,96.10998742159865,1
38.54842326090699,79.82703021708092,30.497539591007893,95.80431882142295,1
38.178144895024545,76.16830604950368,30.236849000427167,92.53061413839374,1
39.75485252314568,77.69016525408459,32.82602811675254,99.72120795912242,1
39.885198518651066,76.03389656659118,30.790565067501316,89.23460305931354,1
39.61211626065332,79.90951382589178,31.318548371944406,85.11953760336183,1
38.00167788363239,83.4571011123628,29.8234558436085,94.34076285838157,1
38.65981672645125,83.87536402477224,30.960164055129308,96.58919894425786,1
37.98855605968206,88.50664945839635,32.562893321930176,88.67690311564874,1
37.51594470687951,81.1505416434903,29.39798645115846,90.19635546609109,1
39.598935017240436,88.15797921377363,33.70594157286066,85.02193060803367,1
39.143259625439995,87.73508981668382,32.36329023424584,86.55923529027339,1
38.82453622265003,78.57251391781298,30.952173261099386,85.89842613479784,1
39.992398175268875,85.67478712050155,28.55815983014853,98.81911604458159,1
39.74321867982865,82.79638827738056,32.205081458192076,90.58737961111122,1
39.936386975420625,76.27353626274734,28.573462032024313,87.00270775376435,1
39.54990722973554,76.12245726494817,31.40692436973525,91.52474317652478,1
39.91054568683185,78.55157602112845,29.56594563354166,89.72513373114637,1
39.50204205499874,85.51088409482313,32.412117212694206,89.77086578899151,1
38.17988967958114,76.1203115370372,29.2162757576754,96.69905473703294,1
38.961770089510324,77.33115826982905,28.98624988419861,91.99082668654992,1
38.516281379773034,83.03886823635035,33.787808333501374,88.1145433841553,1
38.27076929553126,78.97511890372063,28.71948133813236,87.36423065598274,1
39.215137107376286,87.39580031909475,32.18126789942246,85.60494712162995,1
39.58981187746996,79.91690488327188,28.547277422748092,88.72328184191883,1
38.38935688876071,82.70189513068094,32.06310026193443,88.90250189081836,1
39.97669155101977,75.46623140038139,30.42635335868305,91.78301754101594,1
39.370196118021774,78.74778942332327,30.772259493257433,97.05845130165775,1
37.8494825981828,75.1793538475412,32.98223399136781,99.73850856225432,1
37.826788093859946,87.35510122782534,30.233438462895986,94.45446322905737,1
39.11171253927125,83.73485702121094,29.552923914079155,97.19120637420421,1
37.55450045684653,75.96708054070365,33.41497649159969,91.65146985753984,1
37.82197887249251,88.5761695557023,32.976137063304506,89.97324836878416,1
37.606740797726076,81.91492383002911,29.007935252374338,93.60826299710084,1
39.55421350383071,80.9249803233288,28.17689375800175,95.24819375127524,1
37.93201802957697,78.2207415895504,29.12290668226697,89.19781831421086,1
39.70855949723406,75.5197416559726,31.715059293075374,88.68677168867868,1
38.23776290749929,81.17988309444247,31.304131991223883,85.91468603399264,1
38.19943996859743,77.05854025698098,29.19674683999952,98.26978774337448,1
38.81453514563195,84.46131583237133,32.813008496626765,96.92269366452805,1
39.97350903940384,86.72873650268137,30.15467265902539,93.16776709051078,1
38.71169871360127,88.6901552489755,31.01435953326245,90.82571911853951,1
37.94953968424467,79.78316350994069,29.31412112843857,98.4364717242147,1
39.446345703321185,75.87886845417178,33.94918794058343,92.94148437948148,1
39.41710542112568,89.9940862021702,33.84387917040101,86.50201505957436,1
39.14216105344059,78.99790501598524,32.89771096965241,98.75889223855661,1
37.63977163963112,89.94588072759686,29.31646951626355,97.697576356977,1
39.49347671844852,80.32206951847739,33.035333513835454,97.67831353549421,1
37.94025091894998,83.88779263772119,32.83726135215633,95.4643984539937,1
39.78495001032134,75.42309854590738,32.20336482010851,99.21338102605023,1
38.90901621695799,83.44663336296027,29.12940198943154,99.82009315606965,1
39.7040658997444,82.38340085843107,29.854318432907316,92.35654630191219,1
37.72564344212726,78.48935037124859,29.312853650149464,92.89672771222766,1
37.50170874095958,88.7684427888097,29.20878630011285,86.95734318428774,1
39.29234408172704,88.78171180960808,33.06570451862591,89.85383216957256,1
37.55478224060893,83.79913762636814,33.503344884886715,96.61549748229838,1
39.616202218947834,87.91004199887325,33.763352501654545,90.6038617012506,1
39.8548080336701,80.93393343530781,28.606193021084117,89.52647730588204,1
37.841129172143724,77.3625582902527,33.69216119215794,96.87763787499807,1
39.90165525092185,84.73770398467221,29.045216025733183,99.53114344499751,1
39.23390099573136,88.93267813478138,32.72195075557346,88.34855820970964,1
38.97237538945776,77.63027444985332,29.840939375787748,95.32747659398436,1
37.81837091180884,85.93246433903998,33.692728625327725,99.23047239774854,1
38.479003568194,89.91424695821446,33.79110364172531,85.48574114390631,1
39.00597166862743,88.81557324627119,33.805190113695616,88.31342875655518,1
38.9138756153008,89.05031690331381,28.84386020889141,96.18014992152973,1
38.09498981287349,89.73569482410535,29.007324500509505,98.27980380092706,1
37.721815031425315,85.63448719717837,31.834616127429275,98.29980272826732,1
38.616574835244485,78.97818660844314,29.497245178811674,86.01692170096351,1
38.14164485385679,76.62051901821944,28.00768694496814,90.78905646930114,1
39.33146123624692,89.53652737658528,33.30731198552336,92.39622990210772,1
38.446781436935645,83.19035951517681,28.60857135782273,92.19233875595741,1
39.660126801171444,84.76454344670216,32.12296242530269,87.43984767622733,1
37.68427347390344,87.68643726036841,29.769451678696782,89.78075361934987,1
39.8791553285853,76.11300602649989,29.020631218907145,90.63186826119994,1
39.32996271317829,83.20569387918347,33.38874503871984,86.39657028071029,1
38.985076360130236,84.2046708866834,30.89642071893087,85.46489806078263,1
39.85610564525491,77.47495792142871,33.33851962242426,87.35655665996177,1
37.75314452743334,78.08325715076906,29.13990554553031,95.45795055711035,1
39.30509526143919,85.94961008505435,29.59158861609986,89.22284610167898,1
38.093870712368116,75.74453164557765,31.430618847146448,97.59781757268476,1
37.883974836291834,80.4124338184091,30.56563574467428,89.41824173449322,1
39.155050565024666,84.00323292020653,29.19804880456568,85.38603539097528,1
37.92708047923056,79.37717199069161,28.491616568277955,97.65653611520405,1
38.270883500294325,80.96201022762185,30.93458087272394,94.91560082119007,1
37.7278421938767,83.1618904382952,29.109287323252282,98.28239039124308,1
38.42350416232986,81.68662906191688,29.579775800097305,91.97586934231975,1
38.06560570070667,79.02842989909425,28.369836217960597,96.2835271317293,1
39.16867114783642,76.28560967759876,30.06274831927628,93.12173509009033,1
39.92676384293394,83.84589663455405,31.321611436947453,97.61195749645375,1
39.54601303716343,81.27948112401675,31.213086471873577,98.00341020558344,1
38.6870609703048,88.22480804126434,30.857573686488813,86.18432574661125,1
39.756943003347885,85.7145854869554,31.01260882189363,98.50682592207387,1
39.501125841801716,85.16302328364046,31.72163868609582,86.8042281213315,1
39.392971889097986,77.59318459209742,33.9062079414948,99.58247317506635,1
39.52115180329841,76.8927899795781,30.540249395893596,99.82419904505373,1
38.588483113831266,89.95903840168164,31.763357273394387,97.51162178014006,1
38.14471589996944,88.66206728597392,33.48504362139152,86.00517929572919,1
38.470247882536874,80.96032491535554,29.956760832218418,89.14301229860874,1
38.64539295280654,88.10199380059136,32.71930383296663,94.34586892883212,1
38.80640502612452,81.29390751337843,30.486654392613872,87.22299611940167,1
38.96983533320347,86.3756608178651,33.63789990992266,98.8739225013891,1
38.90670939869331,76.51485664238173,29.716557124293235,93.03450221718875,1
38.35967294644366,81.16335055948831,30.29826083726232,92.28377188429496,1
39.022405379881086,75.5619850574657,29.652484852208524,87.1577900594001,1
39.02163816021407,85.40491879750638,28.23269519489077,98.34361320871386,1
38.328735189335674,78.56368940874461,32.474498919034815,98.81252474359248,1
39.74257840537356,75.30349332889908,32.904315551831665,89.54582430172145,1
38.200866632961606,82.37428820038976,32.17709706804985,86.47326085409112,1
39.672250062748,77.0157828145266,33.84531654761986,91.64665919997144,1
39.564558329449376,79.04129971513146,30.500636366232296,94.68332217141466,1
37.96983922723153,78.17085753158847,32.94381660553084,96.11417198380012,1
39.39873323806564,88.00783455825339,32.92610435439076,92.72904553914336,1
37.8974311065975,79.66684639933364,31.040771651419334,87.0347473152559,1
39.62823835246798,88.18998887039784,28.173688955921115,87.89145170247338,1
39.58232483269138,87.55465016413042,29.496941567945676,91.8467300069212,1
39.79507767335279,85.56950917830055,29.643864990846154,97.35259437533674,1
38.76281593734291,84.53114713613766,28.7432371533442,85.45844788572991,1
38.43116690383827,83.91065390178227,29.06550216498317,98.05721157877694,1
38.967200621056065,80.24639852466981,28.981081687107107,98.41737880468293,1
39.37240283621233,85.33275806423931,29.71041625860857,90.79848506111477,1
37.90726851399655,83.58387091530452,33.78950565521353,97.85666781157454,1
39.11844972940371,85.16542869136455,29.614501475613743,91.14260794743313,1
37.55013089374881,86.70455496390966,32.60543637047111,85.13346979105069,1
39.778788595130926,84.71057331262536,31.6068517029672,85.12695590672307,1
38.13097610340163,87.0762835379323,29.83275819030734,99.50536665052564,1
39.10685077822541,81.35710200989429,30.258852713626005,90.23063798908122,1
38.12999677319469,82.00047023245824,32.06317693832388,97.36466232205996,1
38.4928813499303,76.53468154452901,31.06908230480981,94.93533178789379,1
39.60820987521444,80.61344644741607,31.884052720387544,94.13575156957025,1
38.246189815633244,76.62156795878765,28.383022323382658,99.82541448732651,1
39.10148686403664,87.92237400377746,29.56688144755898,95.66640663357688,1
39.73093449420233,79.4818666787848,28.89957577812494,96.48211582455434,1
39.749217611863735,87.08144733950294,32.81418246671687,94.00049951718357,1
39.151325809202824,85.21133625581072,32.327699185555666,94.83100855693662,1
39.99367274894574,78.89139409067984,30.51139411648805,90.82412381508188,1
37.58829751206606,85.62103439063807,31.432254604221047,87.84872740617025,1
39.31637469145226,78.33544790964403,31.20781060926528,96.77345582944176,1
39.76631626376264,85.07802713943613,31.043889133640892,97.68128866366892,1
39.601596736491,88.14742176513165,29.086815146824005,86.46404595719063,1
37.81986034924013,78.87977775840312,32.85006321485482,96.44377327478954,1
37.95767089253149,85.19568553934893,30.013794779230714,86.3394973302916,1
38.38820849029958,86.16314894014212,29.84251162799325,96.821356552114,1
38.32829284242694,78.90838853108555,29.764306729902057,97.76820832317115,1
38.6763414191767,87.9959005453881,31.501447718455484,99.16451476000115,1
37.67803934351019,88.34139092205582,31.002864246956225,98.01246632047345,1
38.45417304951397,79.47533630726195,28.32437182385545,97.81359655605016,1
37.84341314793281,78.00444886192716,30.455151080512625,93.54105381960181,1
39.76655233626532,81.86357149592313,29.898300745892254,95.73502684165054,1
39.447352943584534,82.3137126862216,31.78619663357617,87.6523639984519,1
39.08624742288168,75.0707025213599,29.641167173209,96.41789921822499,1
37.92151439145727,86.46725604218636,30.9374625437801,96.45353750658249,1
37.72010335939761,84.21719608087592,31.800925244215566,91.05090220596925,1
39.91331960032508,80.74974630080192,28.22635191084963,87.99121376842176,1
38.43275351356843,75.21115678086949,29.933278803088413,97.49842999849847,1
37.97644177485101,85.15122212515665,31.760121572029735,88.73234684313823,1
39.23381186792599,80.16524661094981,28.773584802569815,90.7532571446154,1
38.97167672042018,77.50530280902464,32.94306297804646,89.47303380241208,1
38.22706947952371,85.91747867170218,31.578219511693014,90.067527268119,1
39.719935109592605,89.93208614741893,30.05639703554536,98.52075664216787,1
38.39812721591658,77.82639050836305,33.688506122241655,98.7730811326215,1
38.50847911125281,78.42627427253738,32.36301296881793,86.96808664625775,1
39.3351915482788,83.84539252198863,29.013908451340882,90.49887177099772,1
39.12635095030306,75.56045141538893,33.25926482559686,88.83683760887939,1
38.8368335854846,75.72880442372606,33.968081401942385,94.92954873756842,1
39.13391904600188,75.29612649771218,32.13849849026455,91.25163347769316,1
38.450634407319036,83.20923577093389,30.846378029966424,87.29690647186655,1
39.23798007305227,84.45467010244406,29.806698728540752,94.92496864136083,1
39.15620741472224,79.04965724305784,31.633806021544025,87.05745284469714,1
39.57663180117722,76.57371355350145,32.31259734709701,86.76601852655858,1
37.78503138171062,76.59395562459592,29.191879970237693,87.99624079219538,1
38.15748478903433,82.84719161388871,29.210039139893137,95.55155125369387,1
38.238378002501534,75.59108561442854,30.978128280208555,88.11540976407423,1
39.832810861629696,79.95905424295051,28.016427994344355,95.07449698697808,1
39.76720011067448,87.52848247894862,32.01413158300984,87.23716739000149,1
37.72520668393981,82.67558020446988,32.34138170139087,86.51935717889437,1
38.13973025687666,78.46740429737619,33.931995584545625,89.44033268065658,1
38.66069339309037,76.49713372586426,29.048210853672344,85.5916677995304,1
38.2264179430942,87.0239415403567,29.876242641776585,96.07810293688264,1
37.73749617582645,86.37306007261857,28.27533452256049,97.77998087611732,1
39.15838756872711,77.55768414534563,30.145164425426465,91.56571775172903,1
39.05451758333127,88.1771330609621,28.557707892624535,97.22446434304744,1
37.95717355075911,81.0116627142113,33.773859580898524,89.07749636125286,1
38.46428872439829,87.76007367054876,32.799394581693704,94.73269725808396,1
39.492273892588514,76.69584834566469,32.17701924114277,85.87969593497766,1
39.85616746999975,77.39093096223247,30.49616629978538,93.86125454485507,1
39.50566196011274,85.17589704373808,29.08756336322381,90.69626168673831,1
38.39649728706774,75.43224344356832,32.106784800288835,97.57804714820668,1
39.933611450563426,76.95982994322624,33.52238791382862,86.69406219060652,1
38.52821065933794,75.68958488069505,29.56967720337094,89.71356917310807,1
39.26142044120156,85.16893381530247,32.60517230973946,93.6497351218507,1
38.91253056421848,89.66843336326198,32.01906614928589,90.07450962652635,1
38.807757938061684,85.50870276446332,28.571452830710168,94.92569894268945,1
38.12144248712677,80.18624231186256,32.05777341014465,90.77314926110071,1
39.59758255307447,83.37516355053282,33.92674974856887,85.81849172841514,1
39.108496791392035,77.35391059952612,33.09307344865601,97.77806727169099,1
39.67353908653192,76.12297863715477,30.949887766866407,88.61337725045847,1
39.9253626219585,75.75526071789815,29.336239139012793,94.64975972234878,1
38.508192483654305,78.52499999986931,30.75456756848941,97.01891931590083,1
38.620246464163436,87.84883836267025,30.682408719482787,86.78060278080449,1
38.74343337016625,84.80059504707557,28.615859928880916,91.18507821513325,1
38.892827528512086,75.00254573217505,28.545373281469193,94.06304914092696,1
39.047665384365956,79.56896937155473,31.05002644191679,88.10276873274847,1
39.17868592694789,89.25532694990048,30.180054865418867,85.81412819958352,1
38.05729528599079,81.81689973905377,31.36090507063641,94.29636954515627,1
38.68283420273397,84.85750809646709,32.29548100169893,86.71035037533608,1
39.398299877697795,78.32620661730284,30.04814268746103,97.44825828451602,1
39.91108420863585,79.37975345712422,31.131910519624817,95.53144079889978,1
37.61444527463759,77.46233051558086,28.842695123933492,95.75284168971824,1
39.30389773862829,76.60442258279278,31.6651105968321,87.81315100797406,1
39.82554064788286,80.8934473487276,30.742276049757933,96.72130605473131,1
39.291969786173354,76.61648620931238,30.486822070769982,98.89939795805967,1
39.59366559371616,83.83216661846852,32.63287104182337,91.75756895438445,1
39.14614173750051,89.34285482438627,28.807816086583795,92.48242963153916,1
38.82591086879771,75.72857408447858,33.61184968498991,97.58224166018374,1
38.70732990883982,82.62499348607825,33.52697388426281,87.65803657753219,1
38.94638596426044,85.95741992614167,28.770290692309466,90.81108368830999,1
39.00136505451353,88.24043795338017,31.024660716118987,90.76993958115557,1
39.948751900512605,88.7386536254565,32.57424793757075,89.10393819934167,1
39.90898384419938,89.55737474868151,30.7170742364882,87.0005774652414,1
38.53186368201905,85.50021427345688,32.490561195267496,89.48369702433136,1
39.25373577601846,87.91061319193737,32.27124613837087,99.03268116193803,1
39.081458211268156,78.01333623488017,31.74500553523233,89.35869243218876,1
38.36323395224645,85.08560569576976,33.888012977409204,94.75129581710468,1
39.89581613201299,82.55840158564874,32.165871842363956,89.83572096120783,1
37.78851313070906,80.28356703694317,30.88221953434376,93.55957291379649,1
39.16789309513054,81.26216899688282,32.48721234025952,97.62083953625367,1
38.21481995056341,87.70951637130824,32.849828675960175,92.84094979313804,1
37.56318035313618,77.17990067449193,32.02152507260165,87.99853625897074,1
39.37546254667514,77.41403091514844,29.71969328895466,88.75841511187275,1
39.598454536162926,85.35892275546016,29.770843395769635,96.30390922067747,1
37.580765958105815,87.21039326331703,28.61488003802786,98.02053060481616,1
39.34873120043213,87.97262227806904,32.45447641523717,93.41905829186216,1
38.09398868141551,86.7646075930633,32.792930514937424,89.3145798176083,1
39.16123392147906,88.8972721675317,30.32532789185194,99.3505295501774,1
39.93955680514031,79.6898097134195,31.31274758519838,85.19447856511958,1
38.128352820930765,84.30842543417774,32.68554935725531,98.05177138482003,1
39.57495870488786,88.67229565610607,32.22777441335673,94.71448578325001,1
39.387769263021376,83.19922705051862,31.62032186373185,96.64220117683499,1
39.91072455781508,79.41266582706737,29.06455539092958,95.23988277552303,1
37.96744145383081,77.60692697782957,31.083081116647442,90.65797340578969,1
38.571269536001836,83.34897930893,28.780399180692235,93.75979086525896,1
38.13754037033105,79.95844183113404,32.258135777897884,87.3220854669743,1
37.88425845892407,79.8394504484028,28.305132647171362,98.98572798356787,1
39.039021690248326,84.92835316447409,30.94330564692206,93.59015485832396,1
38.39521397040935,86.76047172855752,29.907154032233137,88.29943023141337,1
37.9596727438384,76.02264703656638,31.030842102737896,91.23896865655632,1
38.842589881334774,76.379183309086,29.327188486608716,88.20030715279294,1
38.32970878725995,80.411967369941,29.310671714707087,96.28983534331775,1
38.826247239017064,89.94946623906509,32.94213040555121,99.71699796422945,1
37.522009240737596,85.0340770199158,30.674003477708155,98.56744687731538,1
39.03425274265199,84.31697546435451,33.7533808964436,95.23827041152792,1
38.3023425262677,88.73898645448013,33.66992602259103,90.78813902176066,1
38.85059328235641,79.24243491419097,33.46801555977171,97.3316359635995,1
38.437395105404946,87.0422510626244,30.67334138543031,85.65777491365752,1
39.74570402226463,77.88768581900516,31.083368200764603,99.22317729472627,1
37.918487023033734,89.34414309710098,31.227848985785506,85.10995879325267,1
37.6636795552593,85.05502689214585,32.64149359821566,97.97426283568947,1
38.56052362985285,76.55890213760505,31.22652528414497,95.54114299401311,1
39.94055980334757,86.62810110694592,31.879366955910072,99.09626667262471,1
39.367227064185656,77.30631865826469,30.755351411560248,89.97573063200932,1
37.718802244835494,75.81402106337161,32.76528872185534,93.37126307976716,1
38.93740573565698,78.41468452412485,29.551887753947053,90.82048905467155,1
39.07554316156447,81.49537551958906,28.10134580982485,95.09948098491569,1
38.83708592515251,84.6213411972246,31.710096153463613,96.33940895042767,1
38.964020033283475,85.51323047074503,28.435536668793862,98.92071625249501,1
37.76533885467493,86.80337846493855,29.808104259069225,86.29757832156689,1
39.41318560255116,81.56514224202337,30.370679549371705,94.91084747360861,1
38.68496919341988,83.00201645715524,28.818288761977282,90.86488848143486,1
39.493711532083665,83.18586702961234,33.760805590482605,87.16113306187725,1
39.19322261376266,88.71253374576926,32.77010273339476,95.93986864923767,1
38.43282628725081,89.2419765529577,31.321145126585673,93.32604618460392,1
37.80808789733375,75.07544758611007,31.57992932471998,93.05728072831691,1
39.86744847307218,79.57036728524263,32.48977952039676,98.5531956396182,1
38.35962912462162,81.18981744039372,31.875589021360526,92.68829041821381,1
37.90238589391099,78.31181954036111,33.008490201208375,87.91489323019488,1
37.95339496193412,86.99490080408297,33.11350676660486,97.77081583638211,1
39.83092466350787,89.9146957563815,30.767591222137565,93.2449691451875,1
38.226631668800216,76.01044136107203,28.58921440828223,95.8838388600121,1
38.71797602533437,79.96276397524085,28.76929087957571,94.83209471045429,1
37.75011264318856,84.29273665731499,33.40071154505753,89.76678905850588,1
38.62661494553734,84.2451364538918,29.834052936440326,93.76254899267796,1
38.91388001976277,80.46740153517943,29.897998956977975,91.42461089439387,1
37.51207970666168,78.69262707818226,29.32915422523912,96.09724323907925,1
38.590310165224224,87.60165088170983,28.80583499429733,95.99459193627122,1
39.6947145737699,81.94272564113416,30.15244961268158,89.58207694668003,1
38.87917956540049,77.63655241342838,31.63976599642517,97.62689493007392,1
39.646784138426995,77.100025030743,31.231708222468136,88.94851975890376,1
39.71583958019724,76.14693567835823,28.45239974076026,85.27945442306853,1
38.767945778213935,75.46791346512464,31.491342942963577,91.07701701326671,1
38.97509077960179,88.59455366097275,31.30956399115695,93.15203985877177,1
39.99682043752963,82.08155926174389,32.65118343302457,90.48727945154515,1
38.05826661906089,86.58217265340694,32.3993609632774,89.36498740321561,1
38.66175285542613,82.65617990015679,30.380710945898244,92.53250904499646,1
39.156696223446744,87.71972760155799,32.83924034156739,94.21053964840192,1
37.914608880080394,82.71205020774573,30.677322663034012,87.68717775862932,1
39.87177957903245,84.89119960429466,33.80641335902508,96.03879713252236,1
38.70875853931858,80.38193308268708,29.31291470355417,92.31463222560471,1
37.65715290353367,80.54152778171212,28.256850645031882,88.10161112076251,1
39.7693152314324,80.41877046839443,30.818045374061253,91.81965174692333,1
37.61609364375295,89.70884673094653,29.944426660383865,95.55604379271433,1
38.80343226033388,87.44470733480476,33.00923359730436,88.9497410407623,1
38.86087515522093,77.60774724669675,31.922051878803305,90.47945166986571,1
39.13334136639212,87.53203601514967,31.099977385323633,90.64493171565317,1
39.76810606611705,82.74557673251356,30.117388046558354,98.01579132806872,1
38.71715390668544,82.23165134569689,31.62526588171412,92.52755476706113,1
37.847420767692824,77.48408733643488,28.462529354447483,94.65215503582465,1
38.028792760339385,77.80358513713152,30.173337665290546,95.75954062681143,1
37.795825557058855,78.45519498898987,32.867035776237756,95.80383488312424,1
38.70379162347371,82.18221964080124,29.26422370631058,87.41869389793939,1
39.58341249098814,75.33669057231437,28.258865988010992,93.60229767028403,1
37.902822850918845,84.44310637332232,28.235145191436903,93.58403948845697,1
37.63978001040111,78.87389469025062,29.080225237457782,99.3735750472683,1
38.99839380698732,83.45407053503648,28.11172021382342,95.79320949256133,1
39.15436265657289,79.25181939608461,28.514491016414468,91.73805042429186,1
39.98193955926995,88.00953598488141,29.02340070393818,97.45545362056421,1
39.002096786028,86.91924105390677,32.92271908078298,87.72826227805149,1
39.14912187514463,78.96781047817935,32.34512078846654,90.14006911840498,1
38.63367536285023,83.8589398639846,29.378882723072678,90.78192824112772,1
37.77142528475379,78.03522823632262,33.157550152063635,92.5653928910607,1
38.54948753167901,77.24341790439684,28.577791460339228,92.13803778234217,1
39.03687042370092,75.58554845427193,32.70320940903261,92.5499381220769,1
