temperature,humidity,hive_weight,flowering_score,health_score,yield_kg
34.39,46.0,31.88,0.22,84.19,10.1
36.92,48.48,35.55,0.03,53.12,8.47
28.27,52.95,41.25,0.54,53.23,11.81
36.09,45.26,45.15,0.7,60.42,12.99
37.57,58.46,27.32,0.1,90.85,8.94
36.07,74.19,38.41,0.97,62.71,13.55
36.29,69.74,46.54,0.58,82.27,13.98
30.28,56.58,26.99,0.23,46.06,7.43
34.36,59.59,34.25,0.21,56.02,10.07
34.48,69.37,29.28,0.73,49.8,10.36
37.9,70.6,38.92,0.68,90.57,13.76
30.29,46.28,32.89,0.27,52.66,9.37
36.76,57.59,41.39,0.4,94.87,13.01
30.65,54.87,39.03,0.26,75.08,11.72
31.99,53.77,49.94,0.51,45.45,12.95
29.1,70.1,44.8,0.42,43.81,11.74
37.96,66.16,49.28,0.86,40.69,14.62
34.82,66.48,31.67,0.64,46.69,10.47
32.54,83.15,46.9,0.26,70.04,12.32
37.13,79.82,32.46,0.64,76.54,10.91
35.63,66.58,44.47,0.53,40.03,12.13
28.19,82.16,46.97,0.83,58.45,13.62
36.78,82.88,27.14,0.49,44.15,8.48
35.66,50.14,36.88,0.55,55.9,11.47
32.23,53.47,38.48,0.73,52.07,12.09
37.95,71.0,35.95,0.52,47.26,10.2
31.38,68.53,30.75,0.22,44.26,8.67
30.29,81.22,46.49,0.07,54.28,11.16
30.14,50.29,48.39,0.57,68.36,14.25
36.07,52.62,27.42,0.43,65.41,9.11
35.29,71.93,49.6,0.1,64.16,12.28
36.62,54.95,29.76,0.45,65.31,9.47
30.5,81.93,36.08,0.86,73.02,12.37
37.99,78.44,49.22,0.93,90.92,15.95
32.86,53.55,35.03,0.06,62.74,9.88
30.65,76.36,36.38,0.42,97.44,12.78
33.56,73.74,28.87,0.3,98.12,10.65
33.42,74.92,26.43,0.58,70.17,10.44
29.57,83.43,27.0,0.19,75.7,8.45
30.35,49.8,47.26,0.25,75.67,12.86
32.19,68.35,38.07,0.93,52.26,13.48
30.39,60.83,41.79,0.3,58.97,11.78
28.73,63.33,49.96,1.0,44.4,14.99
30.65,82.33,47.02,0.88,62.17,14.31
36.34,73.14,40.29,0.99,79.24,14.11
36.17,56.98,41.58,0.94,48.06,13.05
29.07,67.13,31.81,0.6,83.06,11.35
34.34,55.56,37.21,0.91,90.77,13.87
32.24,56.07,25.09,0.77,78.23,10.65
35.41,67.07,35.69,0.01,44.51,9.04
37.04,66.82,45.86,0.58,48.89,12.63
31.08,80.96,44.9,0.86,93.94,15.22
30.5,49.11,44.5,0.88,64.38,14.41
29.55,82.2,46.62,0.98,88.65,16.29
28.25,74.46,33.3,0.93,88.13,13.51
36.11,55.67,44.68,0.11,92.33,12.83
30.22,77.66,36.51,0.31,87.72,11.1
28.24,52.73,33.21,0.86,98.01,12.95
34.41,60.99,49.53,0.54,96.35,15.26
37.7,52.14,49.06,0.27,46.5,11.81
35.29,57.55,40.16,0.51,63.11,12.23
30.55,73.35,25.04,0.93,72.31,11.33
35.42,71.83,34.11,0.07,79.85,9.68
31.14,78.92,42.99,0.3,58.56,11.45
32.02,56.83,28.18,0.42,96.42,11.01
37.03,69.62,32.52,0.55,40.02,9.54
32.3,68.2,41.37,0.46,66.53,12.34
32.73,81.05,44.9,0.17,45.09,10.97
34.33,58.41,45.46,0.75,80.37,14.71
29.99,45.98,31.12,0.48,90.98,10.47
32.14,70.19,29.86,0.7,69.66,11.05
34.56,45.22,43.77,0.77,46.4,12.87
29.76,83.32,37.95,0.05,54.95,9.46
32.56,77.06,41.69,0.99,75.73,15.36
36.91,69.51,42.98,0.5,89.83,13.73
36.97,74.75,36.87,0.26,54.83,10.05
35.66,65.85,40.67,0.27,44.65,10.51
30.72,57.79,38.5,0.14,53.88,10.16
35.06,47.57,35.19,0.54,64.95,10.78
32.2,81.19,39.6,0.7,91.4,14.06
31.8,45.24,33.79,0.75,91.21,13.16
32.19,74.9,38.65,0.6,53.23,11.61
32.36,46.16,33.4,0.68,64.26,11.0
32.67,50.11,40.56,0.03,63.64,10.35
28.27,70.71,28.39,0.46,43.02,8.48
30.12,58.07,44.03,0.38,85.12,13.56
30.52,48.28,25.48,0.54,99.99,10.35
34.5,76.25,41.29,0.75,96.98,14.37
28.2,51.1,28.16,0.67,73.84,10.08
34.99,75.68,29.19,0.61,84.88,10.76
36.19,83.59,27.7,0.03,58.72,7.29
37.58,60.87,42.88,0.08,81.44,11.68
29.02,75.9,46.26,0.6,47.26,13.3
35.83,58.89,35.71,0.37,70.36,10.81
36.5,77.89,27.64,0.96,78.14,12.09
35.07,62.42,43.34,0.97,56.2,14.8
33.38,64.34,35.89,0.73,56.1,12.64
36.31,48.47,47.04,0.24,67.88,12.38
31.79,46.15,46.27,0.18,52.73,11.7
31.4,80.21,42.53,0.28,40.61,11.07
28.86,73.8,37.21,0.76,81.44,13.2
32.91,76.72,27.33,0.22,81.51,9.06
33.82,63.93,38.27,0.43,84.76,12.46
35.03,55.84,31.29,0.12,51.56,7.94
33.36,75.49,29.63,0.22,69.05,9.43
37.77,65.99,32.07,0.1,51.65,8.1
29.79,45.57,38.35,0.27,98.46,11.86
34.97,50.05,46.71,0.49,92.36,14.43
32.69,62.62,29.61,0.05,96.46,9.86
36.22,61.03,26.85,0.63,43.22,8.82
33.63,57.15,49.85,0.12,85.87,13.69
35.91,54.03,38.06,0.45,66.56,11.82
37.9,57.22,40.53,0.61,84.41,13.64
30.08,53.44,41.51,0.16,50.43,9.88
28.03,63.02,39.85,0.29,53.89,10.94
35.03,63.16,42.18,0.92,87.27,15.49
34.61,82.35,35.63,0.54,78.86,12.19
36.27,47.86,29.15,0.31,84.94,9.69
30.89,49.97,42.22,0.7,96.56,14.44
32.94,48.22,26.0,0.43,59.34,8.54
28.91,83.48,45.9,0.58,97.05,14.9
34.72,55.78,26.01,0.76,68.23,10.66
37.16,52.26,39.63,0.63,69.5,12.04
31.48,58.33,41.75,0.86,59.79,14.01
30.88,82.81,45.34,0.55,67.29,13.03
31.23,83.81,35.1,0.51,99.29,12.47
33.43,61.53,29.69,0.36,85.39,10.78
35.6,53.14,38.73,0.93,66.29,13.69
29.21,83.93,40.22,0.24,49.5,10.09
33.52,48.73,49.81,0.91,67.69,15.4
36.32,64.94,42.92,0.51,56.41,12.88
37.8,54.75,38.78,0.38,95.31,12.32
36.79,79.56,31.91,0.79,64.9,11.76
33.08,77.82,32.07,0.3,75.22,10.72
32.9,50.94,38.46,0.35,73.12,11.61
32.55,57.87,29.72,0.7,74.31,11.18
35.76,46.75,43.62,0.71,88.68,14.15
34.64,77.83,49.52,0.5,42.22,13.03
33.9,79.79,46.85,0.44,71.56,13.42
35.22,61.4,41.37,0.15,68.17,11.76
31.39,72.71,41.25,0.85,91.14,15.27
31.8,57.67,42.97,0.76,92.34,14.52
28.68,70.25,48.02,1.0,84.81,16.33
28.98,70.35,46.81,0.44,81.64,14.24
28.46,76.85,32.33,0.37,48.73,9.14
33.66,76.7,29.25,0.08,92.25,9.56
30.41,81.51,28.58,0.46,55.24,8.77
28.09,77.19,47.53,0.68,49.48,13.28
31.46,68.5,40.97,0.42,55.01,12.18
29.99,60.39,37.08,0.24,74.32,10.97
37.93,56.81,49.45,0.66,56.47,14.11
34.86,74.79,26.23,0.61,69.8,10.39
30.86,76.95,40.18,0.35,78.2,12.12
34.78,73.84,41.48,0.84,77.69,14.72
34.46,57.36,36.02,0.58,83.94,12.09
30.95,74.9,29.39,0.13,72.36,9.27
33.31,81.54,45.76,0.26,89.48,13.21
36.06,74.86,33.47,0.12,97.77,10.1
37.67,79.41,43.11,0.98,98.04,15.87
31.66,76.63,25.35,0.54,67.29,9.6
34.72,68.38,45.56,0.94,46.5,14.19
28.25,80.37,39.04,0.92,53.28,12.23
36.24,81.38,32.55,0.41,48.39,9.71
31.04,64.7,27.43,0.89,48.14,10.71
34.7,74.73,48.65,0.42,84.54,13.98
32.15,48.96,37.23,0.41,97.09,11.93
31.71,62.74,48.76,0.86,45.96,15.0
33.44,84.11,33.97,0.4,51.39,9.45
36.48,63.19,41.57,0.64,75.83,13.03
35.87,54.74,28.15,0.56,44.12,9.32
30.07,53.64,46.74,0.33,48.85,12.38
28.03,79.34,28.62,0.13,55.04,7.19
34.61,46.03,25.37,0.79,54.28,9.5
29.74,47.1,43.54,0.53,84.74,13.32
35.78,65.53,27.73,0.5,96.72,10.68
35.83,79.68,38.04,0.46,97.84,12.19
32.79,61.06,42.15,0.49,94.58,13.61
28.81,69.33,26.64,0.28,77.98,9.05
31.25,84.79,38.26,0.45,76.33,11.35
35.02,79.11,41.27,0.77,83.25,13.75
32.52,54.14,33.47,0.45,64.96,10.33
32.27,71.6,34.36,0.15,95.38,10.59
36.32,48.73,27.41,0.74,88.71,11.22
33.86,67.46,33.24,0.12,61.22,9.59
35.5,79.72,43.03,0.97,76.02,14.68
33.78,53.51,41.42,0.22,46.49,10.96
31.68,75.5,39.35,0.81,90.71,14.75
36.18,69.54,41.07,0.03,95.75,12.02
30.67,52.22,42.57,0.31,60.39,11.06
36.7,67.65,35.02,0.14,77.99,9.77
35.46,53.61,35.5,0.34,62.2,10.58
35.77,67.7,27.12,0.05,49.44,7.37
34.74,55.88,41.55,0.49,66.52,12.24
35.55,49.55,35.75,0.28,80.71,10.78
34.67,46.82,34.88,0.6,40.46,10.08
30.11,50.49,31.39,0.33,40.46,8.73
29.76,60.21,42.59,0.5,90.0,13.96
28.72,79.47,26.06,0.02,95.27,8.6
33.76,67.94,42.74,0.42,46.91,11.45
31.25,77.05,40.45,0.83,95.19,14.28
36.44,54.73,39.72,0.52,63.75,11.75
31.4,58.32,29.2,0.51,46.84,9.41
37.06,58.98,43.18,0.82,88.9,14.62
29.46,52.89,40.06,0.76,79.33,13.19
35.73,64.76,43.86,0.76,66.93,14.63
33.64,70.41,40.61,0.86,77.63,14.11
28.68,62.69,32.57,0.27,43.37,8.85
31.1,63.08,26.42,0.83,44.6,10.51
36.55,69.6,37.68,0.46,73.26,12.12
36.96,62.99,45.25,0.65,59.29,13.55
29.51,47.47,27.59,0.9,60.61,10.88
33.05,51.9,31.19,0.44,66.37,10.27
29.59,59.91,32.07,0.41,60.3,10.07
35.89,70.89,26.65,0.09,80.7,8.25
35.24,71.26,47.66,0.87,60.0,15.1
29.41,58.99,49.19,0.7,63.52,14.73
37.38,57.38,34.42,0.79,88.79,13.11
36.29,74.55,42.14,0.53,78.76,12.99
31.62,59.5,29.51,0.21,96.86,10.32
30.27,50.5,26.93,0.84,46.07,10.17
36.35,80.35,25.94,0.34,85.98,8.81
31.77,51.49,45.78,0.77,88.54,14.92
32.38,61.43,41.91,0.24,66.65,11.61
35.49,62.96,38.35,0.31,88.52,12.11
36.35,59.71,48.68,0.98,67.7,15.67
31.82,66.1,49.16,0.82,88.08,16.11
30.5,70.65,46.85,0.55,46.16,13.36
36.51,56.4,44.08,0.27,94.32,12.72
32.37,82.86,30.55,0.45,60.98,9.28
28.53,65.08,30.89,0.99,62.49,11.74
37.31,78.57,41.25,0.79,48.26,12.29
36.3,72.84,28.47,0.71,66.92,10.13
28.79,55.24,45.87,0.55,83.63,14.03
29.11,56.52,32.53,0.05,65.19,8.96
32.57,49.43,47.63,0.6,40.99,13.06
30.42,50.74,35.73,0.61,54.43,11.01
34.64,48.42,49.37,0.07,71.56,12.35
37.88,67.17,34.76,0.47,78.14,11.89
30.54,45.65,44.71,0.34,83.98,12.98
35.72,74.41,33.31,0.04,72.76,9.51
29.75,76.17,36.62,0.7,77.9,12.87
28.63,76.05,36.44,0.29,42.63,9.1
28.42,82.33,37.88,0.99,72.58,13.21
35.53,52.64,33.92,0.78,91.95,12.79
29.24,59.72,47.24,0.74,93.68,15.52
37.74,64.85,37.44,0.92,71.16,13.85
35.27,48.16,40.06,0.82,72.73,13.3
28.8,71.44,32.66,0.6,65.57,11.14
31.52,46.69,46.75,0.35,99.89,13.83
37.8,82.92,26.88,0.64,61.8,9.68
34.79,83.11,28.57,0.61,86.88,10.43
28.67,76.14,34.16,0.38,74.03,10.66
34.79,82.95,34.3,0.76,74.44,12.2
31.98,70.98,31.24,0.11,84.14,9.79
31.87,67.47,31.54,0.26,66.78,10.33
30.86,81.66,37.28,0.12,91.17,10.83
36.99,62.8,27.19,0.68,90.73,11.15
31.47,47.6,38.55,0.89,91.08,14.46
37.27,70.51,44.84,0.51,47.28,12.0
29.39,76.61,25.66,0.55,62.13,9.43
33.52,69.48,27.16,0.31,99.98,10.7
33.26,75.77,45.58,0.07,98.34,13.14
32.5,72.2,33.61,0.88,86.82,13.58
29.82,83.65,35.82,0.91,43.32,11.29
29.53,51.59,33.07,0.71,60.76,11.57
36.95,78.84,31.27,0.64,73.05,10.53
31.03,66.34,37.56,0.17,96.5,11.46
34.59,73.83,40.13,0.84,73.82,14.25
28.28,46.82,41.04,0.58,79.07,12.93
32.17,70.56,37.45,0.63,57.38,12.5
32.83,77.19,42.12,0.3,44.38,10.57
32.4,64.37,30.1,0.61,58.75,10.94
35.34,79.43,49.38,0.13,62.23,12.28
31.19,63.66,31.69,0.25,45.81,8.73
31.84,69.62,31.21,0.87,49.58,11.26
33.78,57.51,44.08,0.5,70.88,13.34
31.09,45.93,48.63,0.51,98.0,14.62
31.53,47.02,37.37,0.88,79.26,13.46
33.37,78.89,35.77,0.88,83.65,13.84
31.66,61.02,39.26,0.19,73.19,10.88
33.04,75.58,31.99,0.99,80.82,12.89
37.75,60.76,44.87,0.34,96.34,13.84
29.99,65.36,37.5,0.05,48.22,9.13
32.74,63.28,40.16,0.52,59.68,12.52
29.63,84.62,43.48,0.3,60.18,11.7
33.32,73.35,32.49,0.82,62.1,12.14
37.8,68.35,44.92,0.73,81.28,14.08
32.75,83.68,44.57,0.78,74.66,14.64
33.84,51.82,40.73,0.62,90.47,13.41
34.81,46.26,48.71,0.11,41.14,10.9
29.51,72.62,35.26,0.77,95.23,13.76
35.36,47.49,28.45,0.21,59.5,8.3
33.25,57.55,29.33,0.91,60.54,11.54
35.72,73.84,41.08,0.69,76.6,13.21
30.47,67.32,30.62,0.97,57.86,11.8
30.07,73.2,32.93,0.35,96.02,11.58
30.73,49.87,41.92,0.38,98.81,13.49
37.55,77.18,32.26,0.29,82.85,9.94
32.42,55.26,36.98,0.2,72.31,11.18
34.96,50.49,40.39,0.59,54.55,12.15
33.31,70.52,26.31,0.41,83.04,9.64
35.71,45.21,38.76,0.93,64.41,13.62
36.78,64.1,29.99,0.96,59.27,11.96
37.08,48.58,39.35,0.54,83.39,12.88
37.13,52.0,47.06,0.18,95.18,13.62
31.97,64.82,48.42,0.96,95.56,17.62
28.09,67.72,27.68,0.98,57.07,11.67
33.43,64.76,48.46,0.85,68.08,15.46
29.13,51.5,36.47,0.26,51.17,9.81
35.91,67.71,43.93,0.18,91.37,13.17
36.27,65.61,27.17,0.67,51.09,9.45
31.24,54.92,31.52,0.24,85.23,10.63
31.02,73.92,25.29,0.65,81.57,10.03
29.18,57.27,35.14,0.5,93.71,12.38
31.11,49.7,47.9,0.3,76.88,12.91
29.34,51.13,43.69,0.61,64.95,13.03
32.71,66.5,41.6,0.22,54.85,11.57
36.73,48.27,36.17,0.7,44.69,11.03
28.62,66.91,37.64,0.57,48.99,11.11
33.2,49.65,30.14,0.58,45.46,9.71
36.09,63.14,37.83,0.46,43.46,10.73
36.07,73.93,34.9,0.82,84.75,13.14
28.45,58.78,26.59,0.99,96.07,12.07
37.34,46.27,35.22,0.77,85.95,13.04
34.46,61.81,49.82,0.38,92.18,15.35
31.76,72.31,41.54,0.54,79.21,13.14
29.78,66.49,38.22,0.73,53.36,11.83
28.23,56.93,41.84,0.54,71.92,13.03
30.48,58.85,31.89,0.94,83.5,12.64
36.09,61.77,44.15,0.88,40.94,13.3
29.01,46.34,39.94,0.7,42.92,11.8
32.02,54.37,30.43,0.86,43.39,10.86
30.89,77.63,43.29,0.32,75.88,12.55
31.21,57.07,28.58,0.66,53.26,9.87
28.61,82.94,46.99,0.91,77.56,15.1
32.96,83.89,48.54,0.67,87.15,15.13
32.16,50.97,34.41,0.75,68.41,12.48
31.01,73.3,45.14,0.91,73.74,15.66
33.57,50.36,31.07,0.2,78.8,10.11
36.47,48.7,43.11,0.19,56.11,10.97
34.03,79.94,29.7,0.76,83.46,11.83
32.79,79.78,33.32,0.96,40.92,12.1
37.62,49.69,49.99,0.48,54.56,13.28
30.05,81.61,38.8,0.78,62.84,12.62
31.59,55.46,37.82,0.5,45.92,11.44
32.69,78.59,47.86,0.37,64.84,13.27
30.21,50.84,31.52,0.93,74.75,12.25
29.52,58.19,34.5,0.83,69.96,12.63
34.85,55.29,45.54,0.97,78.5,15.63
29.68,76.8,29.23,0.72,69.3,11.23
33.42,70.67,26.47,0.03,90.8,9.29
34.68,75.57,35.31,0.84,53.89,12.31
28.09,65.23,34.33,0.62,80.01,12.16
32.83,64.51,25.17,0.55,40.71,8.87
30.75,84.1,25.43,0.81,80.44,11.06
37.1,49.28,27.41,0.15,51.52,7.28
36.15,55.69,34.92,0.37,64.36,10.52
37.9,54.03,42.1,0.85,79.22,14.52
35.6,48.74,34.48,0.55,43.37,9.6
29.71,64.99,35.85,0.78,73.95,13.29
28.95,66.13,26.06,0.21,92.09,9.69
32.76,46.86,26.86,0.93,93.96,12.33
28.33,82.15,32.86,0.96,75.22,12.7
35.13,60.93,26.92,0.16,54.43,8.21
31.89,80.86,33.29,0.76,48.4,11.52
35.24,65.03,49.36,0.05,66.23,12.85
31.41,75.76,48.87,0.4,86.41,13.87
30.73,84.7,37.27,0.36,96.47,11.85
34.8,71.43,27.14,0.62,87.88,11.26
28.82,51.17,42.79,0.63,84.38,13.45
29.07,45.21,32.71,0.36,56.19,8.87
29.87,62.95,38.87,0.41,41.58,10.55
28.93,68.92,33.11,0.39,57.51,9.83
28.85,81.05,47.63,0.98,74.32,15.18
31.81,50.55,32.53,0.49,43.8,9.61
32.21,64.37,26.92,0.25,54.8,8.61
33.94,52.82,27.67,0.3,96.93,10.0
34.2,77.16,33.24,0.33,88.93,11.42
37.74,50.44,33.02,0.95,52.05,11.38
37.65,83.75,32.29,0.69,69.46,11.06
30.42,60.04,45.41,0.39,46.83,12.19
33.92,66.83,42.04,0.55,97.18,14.31
35.08,62.54,32.28,0.69,89.14,12.81
32.09,64.97,40.83,0.24,79.52,12.44
35.89,47.96,49.77,0.48,64.05,13.64
37.2,72.67,38.59,0.79,61.57,13.09
33.37,70.53,27.12,0.77,79.46,11.33
34.47,46.77,49.59,0.68,63.98,14.75
37.66,62.22,25.26,0.26,70.64,8.38
33.81,68.01,36.14,0.39,86.34,12.16
33.0,58.8,25.61,0.1,64.96,8.41
29.16,82.63,28.54,0.31,67.32,8.44
32.83,64.05,35.95,0.7,59.13,12.1
36.1,49.6,46.23,0.65,80.63,13.96
37.84,54.76,29.36,0.16,73.59,9.12
30.32,61.2,29.61,0.64,65.93,10.27
34.14,52.89,39.81,0.39,82.28,12.04
35.52,77.35,26.56,0.1,92.32,8.48
31.26,63.3,31.56,0.86,71.66,12.54
33.97,69.45,39.68,0.35,90.73,12.84
36.14,73.24,32.44,0.61,45.09,9.82
29.18,57.22,29.58,0.69,70.65,10.82
29.38,60.35,29.64,0.64,81.61,11.38
38.0,67.2,37.24,0.14,58.87,9.75
28.54,59.36,25.24,0.14,88.91,9.0
33.05,64.8,42.12,0.42,90.39,13.68
28.83,46.23,44.03,0.29,56.49,11.29
29.68,63.29,43.56,0.77,72.98,13.93
29.14,76.0,45.58,0.37,89.36,12.98
35.19,66.85,49.74,0.1,89.8,13.93
30.98,84.97,36.24,0.35,89.0,11.34
37.94,76.03,30.92,0.81,75.28,11.46
35.11,70.31,29.15,0.14,52.4,7.82
28.59,59.03,32.03,0.54,59.42,10.52
30.89,55.69,46.45,0.99,80.76,15.57
37.63,76.43,47.97,0.99,92.02,16.07
36.66,54.99,42.78,0.83,85.69,14.81
32.89,68.1,31.72,0.41,67.12,10.72
36.8,48.72,37.89,0.28,96.18,11.54
37.5,58.09,25.06,0.77,83.96,11.04
32.58,71.57,33.96,0.06,72.07,9.41
32.3,53.47,31.71,0.83,60.27,11.73
33.66,64.41,33.59,0.68,42.9,10.68
35.84,63.38,28.11,0.86,66.48,10.88
37.58,53.09,42.21,0.13,79.0,10.97
37.33,55.96,41.36,0.25,62.31,11.47
29.66,60.85,32.64,0.7,54.05,11.18
35.04,45.04,36.92,0.13,53.57,9.44
28.09,72.82,45.43,0.99,65.34,14.56
28.71,60.32,43.27,0.1,58.8,11.23
29.37,75.94,43.83,0.13,99.58,12.23
33.31,45.34,41.25,0.44,83.35,12.85
29.51,61.47,42.16,0.86,45.2,12.83
35.52,68.58,34.6,0.96,58.87,12.41
30.77,48.37,38.83,0.6,76.46,12.78
34.9,78.92,41.46,0.3,71.06,11.74
35.48,56.82,26.36,0.9,97.28,12.26
29.13,64.98,39.85,0.53,98.66,14.13
37.34,50.28,46.52,0.57,61.92,13.36
35.63,83.18,44.26,0.02,44.05,9.63
28.4,47.42,44.73,0.51,77.71,13.09
32.15,73.07,27.06,0.54,76.96,10.09
31.1,65.45,30.08,0.81,72.18,11.82
34.34,78.38,42.03,0.07,81.92,11.64
36.46,47.32,27.16,0.43,67.2,9.09
31.09,74.67,43.52,0.12,82.47,12.2
29.64,83.12,38.08,0.78,83.25,12.86
29.27,76.24,31.72,0.89,86.29,12.16
36.07,55.88,26.6,0.71,74.6,10.15
32.55,59.4,37.49,0.57,62.06,11.79
29.03,67.96,43.07,0.23,70.53,11.41
36.63,54.78,36.79,0.38,49.01,10.61
36.57,67.11,47.85,0.74,65.16,14.54
32.16,73.81,31.78,0.08,62.37,8.82
37.02,52.17,45.11,0.98,97.24,15.62
32.65,56.29,46.12,0.33,73.19,12.67
30.01,67.55,32.6,0.62,67.84,11.44
32.93,75.9,29.89,0.9,85.63,12.42
28.06,61.4,30.82,0.35,90.37,10.94
37.51,45.06,41.43,0.85,83.63,13.58
33.3,54.53,37.3,0.06,99.82,11.56
28.93,81.85,47.43,0.52,82.05,13.81
37.75,48.4,27.39,0.13,89.2,8.18
33.68,62.4,49.11,0.24,55.66,12.66
36.01,73.03,43.38,0.32,56.32,11.23
30.03,76.2,39.62,0.16,49.86,9.87
32.07,66.44,49.12,0.21,58.5,12.62
29.2,51.3,42.15,0.83,81.81,13.76
36.36,58.11,27.28,0.25,61.34,8.37
34.77,55.41,49.77,0.03,64.26,12.14
35.48,54.99,36.55,0.8,48.39,11.43
36.3,84.3,28.27,0.82,62.33,10.66
34.45,68.29,31.47,0.81,41.31,10.52
37.02,62.74,28.22,0.91,89.76,12.22
28.43,63.44,29.2,0.57,89.3,11.1
28.29,72.33,29.32,0.21,51.23,7.86
36.83,46.39,40.48,0.25,57.71,10.36
33.51,47.44,31.99,0.14,51.97,8.83
33.26,70.23,45.05,0.79,99.36,16.26
31.59,66.78,37.12,0.91,70.14,13.57
29.8,57.76,30.48,0.9,86.71,12.17
37.92,66.18,44.17,1.0,98.44,15.84
34.57,55.66,45.41,0.92,43.35,14.54
30.19,78.86,44.93,0.35,90.35,13.67
29.76,68.7,45.16,0.7,94.84,14.71
35.01,82.9,39.09,0.56,51.29,11.87
36.82,64.69,32.73,0.49,45.42,9.67
30.19,66.06,25.02,0.92,52.09,10.08
35.17,81.75,46.11,0.32,41.31,11.54
37.17,75.97,46.16,0.86,97.63,15.71
37.42,60.82,27.53,0.3,48.19,7.73
37.49,76.67,49.02,0.65,50.45,14.09
34.94,82.15,44.67,0.22,75.34,11.81
31.07,72.54,28.18,0.73,96.93,12.46
31.92,84.77,49.13,0.03,76.14,12.72
37.68,53.84,39.14,0.94,48.44,12.95
30.38,84.3,29.2,0.89,45.32,10.56
34.39,80.47,36.17,0.27,54.97,9.46
30.57,49.32,25.03,0.39,83.96,9.66
36.85,64.72,34.47,0.55,46.09,10.51
36.64,71.04,42.18,0.16,44.42,10.66
30.95,57.75,48.79,0.07,50.21,11.52
35.32,66.88,47.45,0.09,75.64,12.71
32.83,46.24,48.56,0.16,93.39,13.18
29.01,53.22,29.75,0.7,83.32,11.55
30.65,56.26,30.94,0.05,74.31,9.2
29.54,59.43,35.69,0.29,79.72,11.09
30.0,46.03,29.27,0.29,44.92,8.29
31.08,60.9,37.23,0.66,45.47,11.64
29.85,80.42,34.24,0.45,55.8,10.05
30.26,55.74,26.54,0.75,80.05,10.55
31.44,66.66,49.27,0.59,73.22,15.28
36.18,61.75,38.39,0.87,68.49,13.85
32.76,48.16,47.57,0.71,70.13,15.05
36.0,72.1,40.51,0.12,85.43,11.16
37.84,83.89,45.21,0.13,65.4,11.6
32.35,84.89,40.68,0.83,55.47,13.44
37.14,47.68,34.7,0.4,59.57,9.76
32.58,79.94,44.66,0.62,71.35,13.71
32.14,50.93,39.7,0.76,96.38,14.75
33.63,49.04,32.15,0.54,60.63,10.37
31.83,64.42,40.22,0.04,56.52,9.97
34.09,72.75,25.97,0.89,59.89,10.54
35.46,81.83,47.43,0.02,89.04,12.18
30.8,64.66,42.4,0.1,92.13,11.96
37.74,62.72,45.65,0.27,65.01,12.41
29.88,53.46,45.6,0.74,85.57,15.22
36.21,65.61,28.97,0.31,70.41,9.15
36.51,80.17,25.72,0.19,89.98,9.05
30.49,63.26,47.95,0.7,56.44,14.69
33.05,70.42,28.1,0.03,62.35,8.16
29.78,79.82,39.67,0.35,49.81,10.95
35.49,72.55,32.13,0.39,49.77,9.56
37.65,79.28,41.18,0.68,56.15,12.21
28.2,76.21,44.19,0.01,94.69,11.99
34.01,45.34,31.31,0.81,58.33,11.59
34.43,61.95,34.41,0.35,55.12,10.21
34.77,77.97,34.93,0.1,70.69,9.82
36.43,59.97,41.18,0.61,57.91,12.1
28.64,84.53,41.01,0.86,55.67,13.06
36.92,56.95,28.75,0.77,93.98,12.24
36.02,69.0,41.51,0.68,83.28,14.09
37.97,55.38,35.46,0.39,42.12,9.75
33.72,52.6,43.16,0.22,72.08,12.25
37.07,71.87,37.68,0.85,90.44,14.3
29.81,48.9,28.2,0.26,88.5,9.68
29.83,72.19,33.39,0.09,61.32,9.2
31.07,76.52,33.28,0.26,57.64,9.82
32.71,79.66,39.59,0.94,44.27,13.39
33.0,79.7,34.54,0.3,43.24,9.74
29.37,53.01,35.23,0.57,94.4,12.33
31.16,73.63,44.47,0.49,77.86,13.19
34.34,45.19,31.84,0.76,50.12,10.95
32.9,75.54,27.2,0.61,78.01,10.6
37.65,60.33,25.94,0.2,62.39,7.39
31.22,78.33,29.76,0.68,77.6,10.94
34.94,58.77,28.22,0.38,75.32,9.48
36.24,56.93,32.27,0.73,75.78,11.67
36.88,84.82,33.57,0.9,61.56,11.49
37.48,81.73,35.08,0.23,83.63,9.96
35.34,68.59,29.22,0.37,79.03,9.67
36.77,55.23,38.37,0.05,99.68,11.35
34.54,45.79,42.24,0.42,62.82,11.95
32.74,51.13,42.38,0.63,58.07,13.04
34.62,55.8,40.14,0.14,89.84,11.34
35.19,49.71,27.85,0.11,51.92,7.09
30.63,65.93,30.04,0.7,57.72,10.41
32.96,53.31,48.33,0.33,40.16,12.41
37.07,78.41,41.73,0.15,45.4,9.96
35.24,49.05,31.4,0.23,99.32,10.27
32.64,48.99,29.37,0.04,57.43,8.11
31.13,74.54,27.37,0.76,42.75,10.1
34.63,51.82,33.94,0.44,77.31,11.45
28.93,77.6,29.57,0.4,97.74,10.41
31.86,79.03,45.0,0.65,87.81,14.19
34.96,47.35,48.56,0.16,64.96,12.31
36.02,72.14,29.53,0.38,61.52,8.9
34.84,78.54,49.34,0.13,95.22,13.22
32.11,46.84,31.54,0.31,82.27,10.4
35.68,68.07,39.13,0.98,80.19,14.42
33.23,73.02,27.38,0.66,54.91,9.9
34.76,60.4,45.98,0.56,99.27,14.64
34.43,51.28,46.22,0.85,92.16,15.36
32.92,54.64,49.25,0.05,53.36,12.01
32.03,54.4,36.48,0.8,66.89,13.12
32.47,49.75,37.43,0.65,46.16,11.35
33.57,45.01,27.27,0.6,77.14,10.1
33.08,53.27,41.79,0.95,61.8,13.82
30.23,63.18,39.0,0.62,68.39,12.84
35.16,49.56,43.98,0.22,60.48,11.75
37.64,56.68,38.05,0.7,42.75,11.08
29.4,73.67,43.04,0.11,76.65,11.17
37.3,60.72,36.43,0.78,83.01,12.78
32.14,82.07,45.94,0.59,86.33,14.35
34.58,83.25,28.37,0.5,71.82,9.38
37.35,78.55,37.07,0.51,95.27,12.09
33.79,74.22,28.21,0.39,76.03,10.26
33.04,60.39,49.49,0.92,85.74,16.62
37.64,83.82,36.32,0.13,64.76,9.56
35.48,56.96,42.54,0.86,82.71,15.2
34.33,53.04,40.6,0.29,60.72,11.39
37.81,71.0,48.96,0.5,81.66,14.23
29.15,59.09,37.01,0.57,80.03,12.24
35.48,78.66,32.15,0.85,88.5,12.72
28.25,50.81,41.76,0.2,85.01,11.31
30.87,55.02,45.98,0.69,57.71,14.01
28.32,77.56,27.56,0.87,84.37,11.88
35.42,67.45,30.94,0.78,87.93,12.31
34.64,82.06,34.69,0.96,98.55,13.84
33.52,45.52,31.28,0.62,86.86,11.95
36.3,81.46,42.62,0.65,85.31,13.75
34.03,76.05,49.11,0.29,50.65,12.77
29.87,51.95,37.85,0.38,65.71,11.06
29.3,68.36,31.38,0.33,82.58,10.08
29.54,57.91,26.27,0.93,76.94,11.66
32.91,67.91,33.95,0.78,59.07,11.91
29.84,47.73,37.63,0.42,72.22,10.84
30.21,53.53,33.3,0.36,53.11,9.86
33.3,84.87,45.59,0.98,40.53,14.21
32.46,81.18,40.34,0.62,97.53,14.1
31.21,81.64,48.62,0.39,72.41,13.27
37.11,77.88,34.37,0.8,66.73,11.5
36.98,52.7,37.85,0.95,50.04,13.05
33.38,45.29,26.64,0.67,86.41,11.2
32.24,49.16,38.44,0.7,98.57,14.17
34.47,82.59,43.67,0.15,67.55,11.21
28.88,47.17,44.86,0.56,74.5,12.96
30.59,60.52,40.76,0.43,41.01,11.32
33.35,70.66,40.46,0.76,75.14,14.12
28.73,82.12,27.65,0.79,58.08,9.65
35.65,62.51,34.88,0.66,68.44,12.05
29.36,60.64,44.94,0.55,97.61,14.22
34.77,81.57,44.88,0.73,62.39,14.16
33.54,67.2,28.08,0.01,75.8,8.59
37.47,57.19,43.71,0.9,60.63,14.01
34.46,65.5,29.02,0.22,90.08,9.82
29.81,76.99,46.31,0.85,95.94,16.32
32.61,66.99,32.27,0.07,45.89,8.69
32.87,58.23,28.21,0.66,46.0,10.01
37.0,57.71,36.27,0.62,58.34,11.52
33.66,59.58,32.91,0.43,40.29,9.42
30.22,74.59,35.9,0.84,48.06,12.13
36.78,63.51,33.97,0.31,73.1,10.19
34.07,78.67,46.47,0.14,72.32,11.99
36.86,48.06,26.88,0.02,70.43,6.91
33.82,61.21,39.75,0.91,73.1,14.35
37.99,63.88,44.38,0.37,53.4,12.22
35.33,56.64,36.62,0.51,63.81,11.44
34.63,78.92,45.16,0.61,49.95,12.92
32.46,52.17,48.72,0.66,98.06,16.1
32.84,59.35,30.47,0.49,43.77,9.48
28.43,53.27,47.69,0.36,68.18,12.86
28.46,84.22,33.1,0.7,71.28,11.59
36.35,55.53,38.61,0.17,79.22,10.83
34.53,78.42,37.92,0.38,94.43,12.33
31.53,79.71,37.17,0.48,76.25,11.83
29.39,51.62,26.93,0.64,52.69,8.99
31.62,73.69,27.96,0.23,88.67,9.88
32.82,64.15,30.27,0.16,90.0,9.78
28.43,67.94,29.03,0.63,42.35,9.55
28.56,55.33,29.5,0.96,75.96,12.1
28.19,73.78,41.54,0.28,45.14,10.45
37.93,79.69,29.26,0.83,76.05,11.58
36.2,52.28,41.49,0.26,83.45,11.83
32.53,68.62,30.75,0.39,46.51,9.1
36.6,65.17,35.49,0.15,45.78,9.14
34.15,46.56,44.6,0.5,47.05,12.13
29.3,69.14,45.69,0.9,86.49,15.84
33.22,59.82,26.09,0.53,53.77,9.61
35.9,60.25,39.73,0.74,85.69,14.1
28.98,50.36,36.93,0.23,91.54,10.92
36.77,61.35,29.73,0.71,87.37,11.87
29.18,45.29,41.36,0.69,58.95,12.27
29.55,71.06,31.34,0.85,65.41,11.64
30.76,72.22,43.87,0.41,87.03,13.45
31.7,67.2,31.34,0.31,60.66,9.93
35.36,79.2,41.48,0.75,66.8,13.5
29.62,53.58,35.01,0.34,73.03,10.79
35.07,51.43,49.11,0.01,45.47,10.69
37.26,62.42,26.6,0.22,44.8,7.03
31.84,84.38,40.35,0.52,82.7,12.86
37.46,77.81,41.01,0.44,52.1,11.37
36.04,56.44,25.84,0.6,70.95,9.58
29.69,46.44,30.98,0.0,49.45,7.78
35.8,59.13,34.88,0.59,71.06,11.94
28.69,48.61,32.11,0.83,94.9,12.46
37.63,56.06,40.16,0.19,95.78,11.98
30.61,61.29,27.66,0.07,57.66,8.22
36.03,83.27,46.9,0.81,74.49,14.96
37.66,67.53,44.25,0.76,97.67,15.2
32.61,68.47,25.68,0.12,44.05,7.35
37.94,72.08,30.75,0.32,97.33,10.62
28.1,78.29,31.21,0.09,80.42,9.26
28.76,82.26,36.91,0.35,93.66,11.37
37.47,72.32,47.75,0.5,51.98,13.19
36.73,53.27,30.07,0.25,77.12,9.03
29.07,81.81,41.9,0.66,76.83,13.47
33.41,46.69,37.06,0.62,69.54,12.57
36.97,79.75,37.27,0.98,94.96,14.13
30.22,68.07,26.35,0.8,68.7,10.89
33.02,60.75,42.16,0.17,98.59,13.14
32.6,72.57,25.3,0.21,74.86,8.45
34.13,55.39,38.71,0.24,68.28,11.13
31.66,64.95,30.26,0.7,62.34,11.57
30.8,52.2,28.28,0.58,53.71,9.1
30.7,54.43,35.81,0.38,48.75,10.55
29.5,77.23,29.42,0.5,99.73,11.5
33.17,73.82,44.63,0.3,73.73,12.86
31.98,72.62,26.5,0.81,68.59,11.1
32.5,58.39,34.02,0.56,95.91,12.39
28.2,49.85,46.68,0.96,51.94,14.41
34.49,51.98,44.51,0.36,80.39,12.99
35.37,80.59,34.53,0.29,77.9,10.11
29.68,77.31,33.43,0.63,74.3,11.83
28.71,51.48,30.71,0.32,57.48,8.64
34.45,55.85,36.12,0.86,61.79,12.82
37.66,61.56,29.6,0.02,83.67,8.95
37.4,73.03,27.0,0.17,46.18,6.8
36.79,66.94,25.66,0.4,85.9,9.3
30.62,51.21,41.37,0.89,58.56,13.25
30.84,70.06,28.28,0.84,41.71,10.47
36.6,58.01,36.9,0.97,72.44,13.38
32.45,83.78,42.44,0.18,75.86,11.74
34.36,67.56,38.09,0.64,58.58,12.15
33.4,77.19,36.05,0.37,55.59,10.29
28.0,77.62,46.2,0.34,68.15,11.97
37.22,82.88,36.93,0.01,65.83,8.89
30.31,45.29,34.34,0.41,73.63,10.5
29.63,74.48,34.74,0.38,55.78,9.99
30.4,75.58,47.75,0.81,81.08,15.23
35.43,77.35,35.32,0.85,50.94,11.69
34.37,69.71,31.8,0.62,51.27,10.14
28.5,66.4,29.65,0.1,56.15,8.31
35.27,54.31,28.77,0.49,60.51,9.41
35.99,84.92,36.59,0.79,59.81,12.32
37.52,47.24,44.39,0.07,68.21,10.6
36.42,77.69,45.71,0.12,86.09,12.1
35.71,62.72,43.44,0.03,67.65,11.46
33.21,84.28,36.82,0.68,58.73,11.66
34.29,46.69,48.44,0.52,55.2,13.44
29.99,80.5,46.59,0.22,46.78,11.43
31.25,51.69,31.9,0.12,87.35,9.29
28.42,76.34,36.88,0.6,62.28,11.04
29.58,48.66,40.47,0.93,99.82,15.1
28.6,70.78,42.53,0.79,47.55,12.69
37.82,76.54,43.92,0.81,66.32,13.52
34.89,59.33,28.37,0.9,69.12,11.61
30.95,72.88,29.74,0.19,60.86,8.92
30.75,78.25,47.86,0.55,44.13,12.59
30.96,55.53,34.18,0.0,78.28,9.36
29.86,45.75,46.42,0.78,54.33,13.89
34.58,66.56,34.69,0.52,69.85,11.67
34.13,57.9,41.02,0.11,71.39,10.74
36.35,50.19,46.84,0.2,69.12,11.76
33.71,78.45,41.45,0.53,82.08,12.96
31.66,69.24,26.77,0.93,52.52,10.91
36.9,48.2,45.03,0.06,73.48,11.73
32.16,59.76,42.71,0.82,55.95,13.37
28.7,57.16,48.62,0.96,45.83,14.96
33.32,52.58,38.15,0.25,77.52,11.0
35.49,61.61,27.64,0.64,61.48,10.15
34.65,80.31,29.17,0.18,64.09,8.33
29.58,84.94,36.08,0.35,58.91,10.53
31.25,59.87,44.1,0.43,83.55,13.66
33.63,53.56,44.14,0.93,55.25,14.8
32.47,60.88,43.16,0.98,75.75,15.43
37.93,57.07,32.51,0.22,91.34,9.83
36.22,72.59,31.9,0.55,73.38,11.41
29.55,46.51,33.89,0.14,62.02,9.0
30.33,77.44,27.3,0.4,95.07,10.46
35.24,76.72,29.32,0.83,81.38,11.92
37.08,68.81,32.51,0.73,74.58,11.46
28.56,75.84,33.7,0.82,64.99,12.21
36.7,54.07,41.32,0.6,40.69,11.88
31.82,57.19,26.03,0.54,48.97,8.98
30.21,47.02,43.29,0.39,66.74,12.18
33.05,53.88,32.24,0.39,47.93,9.19
33.71,46.97,34.98,0.09,70.11,9.8
29.3,50.39,38.98,0.49,79.13,11.8
34.16,74.43,31.16,0.07,86.61,9.41
37.24,48.58,41.79,0.42,60.9,11.39
33.94,45.97,32.62,0.99,76.97,13.38
32.42,50.83,26.12,0.82,51.98,9.97
35.58,79.11,27.81,0.05,96.94,9.4
36.69,77.81,25.34,0.69,46.68,8.91
28.23,53.36,38.45,0.2,71.4,10.29
32.83,74.2,28.53,0.7,41.1,9.94
34.64,46.74,29.26,0.28,87.35,9.89
28.53,71.19,25.21,0.39,56.28,8.57
34.6,79.57,25.48,0.87,78.96,10.86
31.81,84.06,27.49,0.32,92.01,9.78
29.86,65.03,36.45,0.93,41.29,12.08
33.29,58.34,34.83,0.16,60.81,9.65
34.25,54.45,49.46,0.5,88.71,15.13
36.79,80.62,45.37,0.03,73.3,11.06
29.52,80.89,41.42,0.09,62.93,10.79
34.12,70.02,30.69,0.24,49.16,9.27
37.1,58.17,38.56,0.21,48.31,9.9
36.0,79.5,32.72,0.71,71.43,11.12
37.96,84.03,28.63,0.93,95.03,12.01
33.57,82.94,27.96,0.32,92.78,10.2
35.65,80.21,35.35,0.41,66.58,11.09
36.94,82.33,31.84,0.78,46.41,10.11
35.62,69.48,31.67,0.57,53.85,10.09
34.87,59.37,42.2,0.48,70.14,12.9
35.12,59.96,46.3,0.49,48.25,12.49
28.32,75.58,25.38,0.27,64.78,8.2
37.88,75.31,26.65,0.93,99.14,12.57
32.9,58.0,36.44,0.25,64.29,10.17
35.35,60.21,32.82,0.61,84.55,12.11
33.25,80.03,44.67,0.52,67.1,13.55
28.42,84.83,37.97,0.4,84.11,11.55
33.16,70.23,26.23,0.29,63.88,8.6
36.28,63.45,35.56,0.61,43.27,10.94
29.42,78.2,36.29,0.72,46.79,11.55
37.38,72.84,28.38,0.41,67.05,9.02
33.9,73.51,30.05,0.45,55.0,9.87
37.07,76.86,42.96,0.12,46.85,10.15
31.63,65.95,34.6,0.79,70.7,13.2
31.79,60.22,44.21,0.91,73.93,15.34
29.5,79.75,29.47,0.71,65.17,10.37
35.69,62.85,40.66,0.12,47.89,9.89
34.23,55.12,36.47,0.86,72.61,12.71
36.83,54.52,39.72,0.48,64.61,11.31
34.0,54.79,38.68,0.62,73.45,13.07
28.49,50.93,41.33,0.04,91.23,11.36
36.38,56.94,48.01,0.05,65.02,11.5
34.72,69.44,42.29,0.59,87.24,13.7
32.55,68.16,48.29,0.09,57.96,12.08
31.79,47.71,35.68,0.55,57.57,10.64
34.95,55.98,38.18,0.52,81.75,12.65
29.09,74.19,40.72,0.99,69.02,14.38
37.34,84.45,32.18,0.61,58.99,10.24
37.95,59.15,28.24,0.56,71.18,10.21
32.93,52.2,40.24,0.71,98.76,13.94
28.24,70.02,27.95,0.85,87.97,12.37
32.14,58.35,39.01,0.64,40.68,11.39
30.82,76.61,32.69,0.51,59.44,9.88
34.86,58.65,43.11,0.62,41.75,12.06
31.31,58.52,41.81,0.92,87.84,15.32
32.81,70.09,47.3,0.54,60.11,14.13
32.14,74.7,45.88,0.3,83.5,13.15
33.36,53.33,42.14,0.8,93.28,14.82
37.7,56.22,25.78,0.98,77.59,11.8
33.71,60.58,39.88,0.86,85.09,14.84
31.14,46.27,35.35,0.5,54.26,10.43
37.51,53.65,32.56,0.11,87.1,9.93
37.13,62.75,25.62,0.48,70.0,9.06
37.24,74.3,38.09,0.78,48.6,12.33
36.22,82.52,41.92,0.13,83.47,11.37
35.14,65.89,25.1,0.93,81.22,11.85
28.87,63.68,26.15,0.52,79.54,9.85
33.78,57.49,47.3,0.32,51.55,12.28
31.19,62.64,27.94,0.15,56.42,7.71
34.23,65.56,30.16,0.35,59.11,9.3
35.04,56.33,31.12,0.07,76.8,8.96
32.44,50.2,36.77,0.68,46.36,10.96
32.26,52.16,39.9,0.59,90.17,13.7
34.16,57.5,45.44,0.71,80.25,14.84
37.74,75.23,36.64,0.13,88.77,11.05
32.68,63.22,42.11,0.71,67.92,13.63
30.24,79.44,40.42,0.91,63.52,13.77
34.65,76.55,47.06,0.45,41.82,12.36
31.51,63.45,29.27,0.77,76.27,11.41
29.03,77.7,44.92,0.33,78.97,12.96
33.33,61.03,35.34,0.62,72.88,12.79
31.84,58.63,45.35,0.59,87.06,14.54
35.87,66.78,30.9,0.66,44.67,10.71
33.74,64.47,39.8,0.46,73.31,12.98
29.76,83.24,26.74,0.11,88.84,8.74
31.79,64.77,41.5,0.09,89.02,12.48
37.03,70.45,25.0,0.15,48.95,7.01
31.9,68.12,29.89,0.68,59.0,10.93
37.13,57.18,48.58,0.43,98.95,14.61
28.89,45.32,49.66,0.4,47.65,12.25
31.69,66.96,26.33,0.7,89.25,11.32
36.61,79.63,30.88,0.7,63.66,10.55
31.83,60.26,38.63,0.66,68.49,12.54
31.85,81.98,46.0,0.15,99.85,13.36
29.34,47.87,25.39,0.72,69.2,9.79
37.9,48.39,41.06,0.42,67.36,11.87
34.04,62.03,29.49,0.51,73.12,10.62
31.55,52.43,40.11,0.58,90.81,13.18
33.02,61.43,38.65,0.37,98.69,13.11
35.05,49.53,37.04,0.69,48.53,11.67
37.84,84.35,44.47,0.46,44.69,11.87
28.88,63.9,43.54,0.96,44.68,14.03
35.98,57.5,26.32,0.34,86.71,9.55
33.13,63.77,43.35,0.42,97.63,14.51
30.89,46.41,48.07,0.75,83.62,15.25
28.61,63.93,29.23,0.05,99.42,9.87
34.24,56.47,27.06,0.51,91.09,10.48
29.33,56.24,46.45,0.01,46.69,10.26
33.92,51.05,36.17,0.81,55.68,12.38
32.85,76.97,46.55,0.34,45.06,11.75
37.34,51.17,37.4,0.99,86.22,13.79
32.4,70.5,30.27,0.73,60.7,11.34
35.55,49.64,29.19,0.4,58.08,9.29
35.52,66.3,34.5,0.71,68.48,11.81
36.7,45.47,48.18,0.45,80.71,14.17
34.83,46.64,47.94,0.64,97.37,15.23
37.18,79.33,33.37,0.27,45.9,8.89
31.91,75.93,43.73,0.73,75.32,13.95
31.37,72.61,29.5,0.55,80.37,11.25
28.12,48.91,27.6,0.45,53.16,8.24
29.93,45.95,27.3,0.94,79.4,11.85
37.5,70.52,42.7,0.12,91.39,11.69
34.56,81.0,39.15,0.97,93.76,15.01
30.53,63.68,48.4,0.64,95.36,15.54
32.27,81.14,44.25,0.32,49.72,11.15
35.77,60.31,33.32,0.06,97.34,10.14
32.41,64.67,48.21,0.61,50.71,14.04
29.44,75.75,30.46,0.64,94.76,11.99
29.03,47.92,39.28,0.25,66.75,11.02
29.49,70.61,48.32,0.66,55.99,14.24
37.05,67.99,37.88,0.94,69.44,13.56
36.44,76.24,44.63,0.54,40.2,12.47
36.18,64.28,39.18,0.94,61.54,13.88
32.01,70.29,48.97,0.09,72.08,13.24
28.8,63.39,44.16,0.65,50.6,12.52
31.84,52.64,42.4,0.9,77.84,14.55
28.85,70.31,43.38,0.14,51.59,10.95
33.93,64.57,26.57,0.54,58.46,9.74
36.34,62.97,49.9,0.04,43.36,11.75
28.43,49.73,45.18,0.67,67.5,13.67
36.74,50.96,39.48,0.92,42.21,12.13
34.54,63.85,47.95,0.05,82.08,12.5
29.72,47.0,32.68,0.79,67.37,11.21
33.91,77.71,27.66,0.5,87.95,10.29
36.04,62.05,45.29,0.98,80.7,15.65
37.76,68.04,28.43,0.84,87.59,12.23
33.93,58.42,28.02,0.14,64.91,8.67
33.53,62.55,48.14,0.04,46.0,11.85
34.12,76.11,25.39,0.49,40.38,7.88
28.89,71.07,47.17,0.42,88.44,14.32
34.92,53.25,41.0,0.52,64.72,12.77
34.11,46.5,29.5,0.5,97.02,11.24
35.83,58.91,25.11,0.24,47.05,7.41
28.96,59.48,44.03,0.54,53.16,12.79
34.59,56.06,29.84,0.8,81.11,12.44
32.74,52.05,41.75,0.04,78.69,11.04
32.35,58.37,45.13,0.76,42.6,13.74
37.25,52.04,44.64,0.49,46.96,12.33
35.21,68.71,33.15,0.2,80.61,10.14
35.79,58.05,27.45,0.74,92.19,11.52
30.21,63.84,37.11,0.89,48.7,13.05
32.55,60.49,28.41,0.72,77.92,11.97
30.02,50.09,42.31,0.06,48.19,10.23
32.59,51.85,33.59,0.89,76.22,13.17
34.38,69.46,29.25,0.97,91.3,12.7
36.57,64.57,49.89,0.59,90.22,15.36
35.3,74.45,31.17,0.33,74.77,10.41
33.92,50.96,39.34,0.01,98.81,10.87
32.71,75.74,25.84,0.53,68.76,9.99
36.21,63.1,31.01,0.56,40.75,9.92
37.5,50.31,32.39,0.65,45.44,9.98
31.05,73.13,46.45,0.75,41.46,13.45
35.72,79.97,35.13,0.79,62.23,11.92
34.33,79.42,26.77,0.89,59.97,10.29
32.26,55.79,48.65,0.54,87.67,15.34
28.81,80.23,43.39,0.05,96.72,12.07
36.88,49.44,34.14,0.62,61.93,10.6
33.59,47.68,42.73,0.2,98.88,12.48
29.14,64.14,48.48,0.58,97.55,15.22
35.45,54.02,33.82,0.27,80.81,10.27
28.63,58.81,37.16,0.53,47.36,11.02
34.78,66.31,32.31,0.62,87.99,12.69
36.09,82.64,26.64,0.89,67.47,10.34
36.98,56.53,48.92,0.11,56.56,12.03
32.96,80.0,38.02,0.63,57.59,12.43
33.41,50.28,33.67,0.44,78.68,10.96
28.63,79.87,30.81,0.95,78.68,12.13
31.43,70.84,33.16,0.59,81.81,12.29
32.45,57.16,28.3,0.79,50.3,10.3
32.84,83.83,44.24,0.05,61.19,10.86
29.66,81.97,42.8,0.29,98.39,13.13
34.93,71.65,28.84,0.24,42.47,7.84
29.26,55.42,29.61,0.56,42.08,9.01
31.44,59.92,38.5,0.16,58.09,10.79
32.05,64.98,28.63,0.46,59.21,9.34
35.38,84.02,33.28,0.71,68.43,11.2
37.44,84.23,39.34,0.15,73.91,10.8
32.42,72.57,43.29,0.9,48.37,13.96
31.08,61.07,46.02,0.45,45.55,12.06
34.41,68.34,30.55,0.94,56.68,11.4
33.38,62.82,41.79,0.09,70.71,11.13
31.18,69.2,48.59,0.91,61.66,15.16
36.54,59.79,34.32,0.28,61.08,10.41
36.74,48.5,43.2,0.44,99.56,13.83
30.89,77.23,49.26,0.42,93.79,14.36
33.87,48.44,30.19,0.47,92.05,11.52
28.66,83.4,43.9,0.09,64.57,11.15
32.15,67.23,42.76,0.76,48.22,13.03
31.82,67.15,26.06,0.83,90.08,11.74
33.59,63.54,25.67,0.0,55.76,7.73
36.34,63.9,41.35,0.89,65.03,14.07
34.88,54.79,27.98,0.28,99.66,9.76
35.46,68.24,39.14,0.87,77.68,14.04
34.94,49.78,37.81,0.58,90.72,12.5
28.59,57.79,46.96,0.14,49.8,11.04
